-- Database Export for equipment-loan
-- Generated by Laravel Dumper Script

SET FOREIGN_KEY_CHECKS=0;

DROP TABLE IF EXISTS `alats`;
CREATE TABLE `alats` (
  `id` bigint unsigned NOT NULL AUTO_INCREMENT,
  `kategori_id` bigint unsigned NOT NULL,
  `kode_alat` varchar(50) COLLATE utf8mb4_unicode_ci NOT NULL,
  `nama_alat` varchar(255) COLLATE utf8mb4_unicode_ci NOT NULL,
  `deskripsi` text COLLATE utf8mb4_unicode_ci,
  `spesifikasi` text COLLATE utf8mb4_unicode_ci,
  `stok` int NOT NULL DEFAULT '0',
  `harga_satuan` decimal(15,2) NOT NULL,
  `kondisi_awal` varchar(255) COLLATE utf8mb4_unicode_ci NOT NULL DEFAULT 'Baik',
  `gambar` varchar(255) COLLATE utf8mb4_unicode_ci DEFAULT NULL,
  `is_active` tinyint(1) NOT NULL DEFAULT '1',
  `created_at` timestamp NULL DEFAULT NULL,
  `updated_at` timestamp NULL DEFAULT NULL,
  PRIMARY KEY (`id`),
  UNIQUE KEY `alats_kode_alat_unique` (`kode_alat`),
  KEY `alats_kategori_id_foreign` (`kategori_id`),
  CONSTRAINT `alats_kategori_id_foreign` FOREIGN KEY (`kategori_id`) REFERENCES `kategoris` (`id`)
) ENGINE=InnoDB AUTO_INCREMENT=23 DEFAULT CHARSET=utf8mb4 COLLATE=utf8mb4_unicode_ci;

INSERT INTO `alats` VALUES 
(1, 4, 'ALT-001', 'minus accusamus reprehenderit', NULL, 'Quam qui doloremque aperiam facere dicta et voluptatem. Aut rerum voluptatem quo est iusto distinctio. Laborum quod accusamus natus. Dolores voluptate consequuntur quasi voluptatem unde.', 43, '198565.00', 'Baru', NULL, 1, '2026-02-12 03:58:14', '2026-02-12 03:58:14'),
(2, 5, 'ALT-002', 'dolorem adipisci dignissimos', NULL, 'Ullam delectus quaerat quia culpa. Repellendus possimus facere iste eum est. Provident incidunt quae atque rerum tenetur. Laudantium soluta quaerat adipisci tempora aperiam.', 41, '112199.00', 'Cukup', NULL, 1, '2026-02-12 03:58:14', '2026-02-12 03:58:14'),
(3, 5, 'ALT-003', 'quidem voluptatem possimus', NULL, 'Nesciunt qui consequuntur consequatur consectetur illo. Corporis mollitia aut nesciunt dolores ut. Et exercitationem voluptas commodi sit. Eos quae quia eius.', 37, '797362.00', 'Rusak Ringan', NULL, 1, '2026-02-12 03:58:14', '2026-02-12 03:58:14'),
(4, 5, 'ALT-004', 'quasi qui id', NULL, 'Commodi veniam aut quia provident minima assumenda incidunt. Illum ut veniam aperiam nam at. Saepe eum earum eius et ut. Aliquid iste aliquam qui nam sunt excepturi labore.', 45, '582076.00', 'Baru', NULL, 1, '2026-02-12 03:58:14', '2026-02-12 03:58:14'),
(5, 2, 'ALT-005', 'ut consequatur illum', NULL, 'Voluptatum saepe et veniam ipsam sit. Voluptatem iure et et dolores harum pariatur quos. Porro modi rerum dolore facere ea consequatur ut quam.', 49, '500604.00', 'Baru', NULL, 1, '2026-02-12 03:58:14', '2026-02-12 03:58:14'),
(6, 3, 'ALT-006', 'aut atque voluptas', NULL, 'Repudiandae minima delectus ipsa delectus accusamus sapiente. Et saepe corrupti perferendis quis id dignissimos. Velit sit laborum quam expedita. Nihil qui doloribus commodi occaecati libero magnam et.', 42, '645666.00', 'Rusak Ringan', NULL, 1, '2026-02-12 03:58:14', '2026-02-12 03:58:14'),
(7, 1, 'ALT-007', 'molestiae ducimus ut', NULL, 'Cum rem a itaque perspiciatis ut est est. Dolorem reiciendis aperiam neque possimus. Accusantium hic pariatur dolores fugit.', 3, '154313.00', 'Rusak Ringan', NULL, 1, '2026-02-12 03:58:14', '2026-02-12 03:58:14'),
(8, 4, 'ALT-008', 'beatae ut praesentium', NULL, 'Consequatur earum quos libero dignissimos dolorem modi. Maiores mollitia facere et magni et sint. Dignissimos asperiores et officiis. Quo quae id neque quia ipsa consequuntur.', 19, '817975.00', 'Rusak Ringan', NULL, 1, '2026-02-12 03:58:14', '2026-02-12 03:58:14'),
(9, 3, 'ALT-009', 'a nesciunt pariatur', NULL, 'Id aut libero voluptatum blanditiis quas quasi omnis. Debitis deserunt culpa illo et delectus. Quaerat iste occaecati omnis aliquid id sint nemo.', 13, '837468.00', 'Baru', NULL, 1, '2026-02-12 03:58:14', '2026-02-12 03:58:14'),
(10, 1, 'ALT-010', 'voluptatibus aut architecto', NULL, 'Est hic occaecati qui laudantium iusto. Aut quam nulla tempora. Doloremque aspernatur nihil aspernatur quia non fuga. Adipisci qui quas in optio.', 13, '588813.00', 'Rusak Ringan', NULL, 1, '2026-02-12 03:58:14', '2026-02-12 03:58:14'),
(11, 1, 'ALT-011', 'voluptatibus vel doloribus', NULL, 'Rem earum mollitia voluptates ratione corporis voluptates. Voluptatibus quia id veniam quia ducimus. Et deserunt totam adipisci maiores. Quasi tempore distinctio commodi id.', 50, '270917.00', 'Baik', NULL, 1, '2026-02-12 03:58:14', '2026-02-12 03:58:14'),
(12, 5, 'ALT-012', 'exercitationem voluptas aut', NULL, 'Ex cum voluptatibus quidem dolor. Soluta porro est facere natus eligendi sint veniam. Eius velit assumenda ut optio sint.', 44, '31905.00', 'Rusak Ringan', NULL, 1, '2026-02-12 03:58:14', '2026-02-12 03:58:14'),
(13, 3, 'ALT-013', 'quidem assumenda asperiores', NULL, 'Autem consequatur ut possimus facilis quia voluptates. Facere ad ullam numquam nam qui temporibus fugiat voluptatem.', 13, '643600.00', 'Baru', NULL, 1, '2026-02-12 03:58:14', '2026-02-12 03:58:14'),
(14, 4, 'ALT-014', 'nihil quis minima', NULL, 'Debitis aut placeat et consectetur sint. Accusantium velit quidem ducimus aliquam aliquam et eum. Consequatur et expedita occaecati tenetur vero beatae a. Ratione commodi distinctio maxime.', 37, '139214.00', 'Cukup', NULL, 1, '2026-02-12 03:58:14', '2026-02-12 03:58:14'),
(15, 2, 'ALT-015', 'possimus excepturi quis', NULL, 'In ipsa doloremque ratione veniam neque. Ex autem repudiandae voluptas qui officiis et. Eum consequuntur quia rerum qui et enim.', 9, '757484.00', 'Baik', NULL, 1, '2026-02-12 03:58:14', '2026-02-12 03:58:14'),
(16, 4, 'ALT-016', 'aliquam aut molestiae', NULL, 'Placeat asperiores magnam nam autem. Pariatur et esse molestiae et molestiae.', 35, '835157.00', 'Baik', NULL, 1, '2026-02-12 03:58:14', '2026-02-12 03:58:14'),
(17, 5, 'ALT-017', 'rerum laudantium qui', NULL, 'Sit reiciendis ipsa est aut accusantium tempora. Esse possimus aut omnis harum. Ipsum mollitia molestias illum quod fugit consequatur illo neque.', 4, '934635.00', 'Rusak Ringan', NULL, 1, '2026-02-12 03:58:14', '2026-02-12 03:58:14'),
(18, 5, 'ALT-018', 'dolore earum corporis', NULL, 'Quidem explicabo nemo quas nihil quia enim voluptatem. Omnis ut impedit provident doloribus animi accusantium.', 27, '113703.00', 'Rusak Ringan', NULL, 1, '2026-02-12 03:58:14', '2026-02-12 03:58:14'),
(19, 4, 'ALT-019', 'quasi perferendis earum', NULL, 'Eos ut similique odit. Nisi deserunt debitis ut distinctio aut ducimus. Nihil rem veritatis excepturi pariatur adipisci et ut.', 30, '59122.00', 'Baru', NULL, 1, '2026-02-12 03:58:14', '2026-02-12 03:58:14'),
(20, 1, 'ALT-020', 'qui et voluptates', NULL, 'Rerum veritatis sequi nihil voluptates id. Perferendis consequatur odio aut dolore. Molestias est error quia rem. Aut dolores commodi omnis vitae magni suscipit. Optio voluptatibus aut totam eum impedit ab.', 10, '879928.00', 'Baru', NULL, 1, '2026-02-12 03:58:14', '2026-02-12 03:58:14'),
(21, 6, 'ALT-021', 'Macbook Pro M1', NULL, 'Macbook Pro M1 512', 25, '16000000.00', 'Baik', 'alat-gambar/01KH8072XEPM40S0TJQ0V062K8.jpg', 1, '2026-02-12 04:02:15', '2026-04-08 02:42:35'),
(22, 6, 'ALT-022', 'Macbook Pro M2', NULL, 'MASIH BAGUS BARU DAN MANTAP', 20, '25000000.00', 'Baik', 'alat-gambar/01KPND72Z8BEJH1JK2KPRTTGG3.png', 1, '2026-04-20 12:14:47', '2026-04-20 12:18:03');

DROP TABLE IF EXISTS `cache`;
CREATE TABLE `cache` (
  `key` varchar(255) COLLATE utf8mb4_unicode_ci NOT NULL,
  `value` mediumtext COLLATE utf8mb4_unicode_ci NOT NULL,
  `expiration` int NOT NULL,
  PRIMARY KEY (`key`),
  KEY `cache_expiration_index` (`expiration`)
) ENGINE=InnoDB DEFAULT CHARSET=utf8mb4 COLLATE=utf8mb4_unicode_ci;

INSERT INTO `cache` VALUES 
('equipment-loan-cache-356a192b7913b04c54574d18c28d46e6395428ab', 'i:1;', 1776687533),
('equipment-loan-cache-356a192b7913b04c54574d18c28d46e6395428ab:timer', 'i:1776687533;', 1776687533),
('equipment-loan-cache-livewire-rate-limiter:056fc329aaaa757d31db450f525da23fde4d1b36', 'i:1;', 1776688436),
('equipment-loan-cache-livewire-rate-limiter:056fc329aaaa757d31db450f525da23fde4d1b36:timer', 'i:1776688436;', 1776688436),
('laravel-cache-livewire-rate-limiter:056fc329aaaa757d31db450f525da23fde4d1b36', 'i:1;', 1775616298),
('laravel-cache-livewire-rate-limiter:056fc329aaaa757d31db450f525da23fde4d1b36:timer', 'i:1775616298;', 1775616298);

DROP TABLE IF EXISTS `cache_locks`;
CREATE TABLE `cache_locks` (
  `key` varchar(255) COLLATE utf8mb4_unicode_ci NOT NULL,
  `owner` varchar(255) COLLATE utf8mb4_unicode_ci NOT NULL,
  `expiration` int NOT NULL,
  PRIMARY KEY (`key`),
  KEY `cache_locks_expiration_index` (`expiration`)
) ENGINE=InnoDB DEFAULT CHARSET=utf8mb4 COLLATE=utf8mb4_unicode_ci;

DROP TABLE IF EXISTS `failed_jobs`;
CREATE TABLE `failed_jobs` (
  `id` bigint unsigned NOT NULL AUTO_INCREMENT,
  `uuid` varchar(255) COLLATE utf8mb4_unicode_ci NOT NULL,
  `connection` text COLLATE utf8mb4_unicode_ci NOT NULL,
  `queue` text COLLATE utf8mb4_unicode_ci NOT NULL,
  `payload` longtext COLLATE utf8mb4_unicode_ci NOT NULL,
  `exception` longtext COLLATE utf8mb4_unicode_ci NOT NULL,
  `failed_at` timestamp NOT NULL DEFAULT CURRENT_TIMESTAMP,
  PRIMARY KEY (`id`),
  UNIQUE KEY `failed_jobs_uuid_unique` (`uuid`)
) ENGINE=InnoDB DEFAULT CHARSET=utf8mb4 COLLATE=utf8mb4_unicode_ci;

DROP TABLE IF EXISTS `job_batches`;
CREATE TABLE `job_batches` (
  `id` varchar(255) COLLATE utf8mb4_unicode_ci NOT NULL,
  `name` varchar(255) COLLATE utf8mb4_unicode_ci NOT NULL,
  `total_jobs` int NOT NULL,
  `pending_jobs` int NOT NULL,
  `failed_jobs` int NOT NULL,
  `failed_job_ids` longtext COLLATE utf8mb4_unicode_ci NOT NULL,
  `options` mediumtext COLLATE utf8mb4_unicode_ci,
  `cancelled_at` int DEFAULT NULL,
  `created_at` int NOT NULL,
  `finished_at` int DEFAULT NULL,
  PRIMARY KEY (`id`)
) ENGINE=InnoDB DEFAULT CHARSET=utf8mb4 COLLATE=utf8mb4_unicode_ci;

DROP TABLE IF EXISTS `jobs`;
CREATE TABLE `jobs` (
  `id` bigint unsigned NOT NULL AUTO_INCREMENT,
  `queue` varchar(255) COLLATE utf8mb4_unicode_ci NOT NULL,
  `payload` longtext COLLATE utf8mb4_unicode_ci NOT NULL,
  `attempts` tinyint unsigned NOT NULL,
  `reserved_at` int unsigned DEFAULT NULL,
  `available_at` int unsigned NOT NULL,
  `created_at` int unsigned NOT NULL,
  PRIMARY KEY (`id`),
  KEY `jobs_queue_index` (`queue`)
) ENGINE=InnoDB DEFAULT CHARSET=utf8mb4 COLLATE=utf8mb4_unicode_ci;

DROP TABLE IF EXISTS `kategoris`;
CREATE TABLE `kategoris` (
  `id` bigint unsigned NOT NULL AUTO_INCREMENT,
  `nama_kategori` varchar(100) COLLATE utf8mb4_unicode_ci NOT NULL,
  `deskripsi` text COLLATE utf8mb4_unicode_ci,
  `created_at` timestamp NULL DEFAULT NULL,
  `updated_at` timestamp NULL DEFAULT NULL,
  PRIMARY KEY (`id`)
) ENGINE=InnoDB AUTO_INCREMENT=7 DEFAULT CHARSET=utf8mb4 COLLATE=utf8mb4_unicode_ci;

INSERT INTO `kategoris` VALUES 
(1, 'culpa', NULL, '2026-02-12 03:58:14', '2026-02-12 03:58:14'),
(2, 'sunt', NULL, '2026-02-12 03:58:14', '2026-02-12 03:58:14'),
(3, 'nesciunt', NULL, '2026-02-12 03:58:14', '2026-02-12 03:58:14'),
(4, 'similique', NULL, '2026-02-12 03:58:14', '2026-02-12 03:58:14'),
(5, 'ratione', NULL, '2026-02-12 03:58:14', '2026-02-12 03:58:14'),
(6, 'Elektronik', 'Berhubung dengan listrik', '2026-02-12 04:01:21', '2026-02-12 04:01:21');

DROP TABLE IF EXISTS `log_aktivitas`;
CREATE TABLE `log_aktivitas` (
  `id` bigint unsigned NOT NULL AUTO_INCREMENT,
  `user_id` bigint unsigned DEFAULT NULL,
  `jenis_aktivitas` varchar(255) COLLATE utf8mb4_unicode_ci NOT NULL DEFAULT 'INSERT',
  `model` varchar(50) COLLATE utf8mb4_unicode_ci NOT NULL,
  `model_id` bigint unsigned NOT NULL,
  `deskripsi` text COLLATE utf8mb4_unicode_ci,
  `data_lama` json DEFAULT NULL,
  `data_baru` json DEFAULT NULL,
  `ip_address` varchar(45) COLLATE utf8mb4_unicode_ci DEFAULT NULL,
  `user_agent` text COLLATE utf8mb4_unicode_ci,
  `created_at` timestamp NULL DEFAULT NULL,
  `updated_at` timestamp NULL DEFAULT NULL,
  PRIMARY KEY (`id`),
  KEY `log_aktivitas_user_id_jenis_aktivitas_index` (`user_id`,`jenis_aktivitas`),
  CONSTRAINT `log_aktivitas_user_id_foreign` FOREIGN KEY (`user_id`) REFERENCES `users` (`id`) ON DELETE SET NULL
) ENGINE=InnoDB AUTO_INCREMENT=135 DEFAULT CHARSET=utf8mb4 COLLATE=utf8mb4_unicode_ci;

INSERT INTO `log_aktivitas` VALUES 
(1, 1, 'INSERT', 'User', 1, 'Menambahkan data baru pada User', NULL, '{\"id\": 1, \"name\": \"Super Admin\", \"role\": \"Admin\", \"email\": \"admin@test.com\", \"password\": \"$2y$12$ht6eNwIhJbQK1Q26To2o2uEV/9a5E4PBqnRHW/n6sIMpnEDPn7WxK\", \"created_at\": \"2026-02-12 03:58:09\", \"updated_at\": \"2026-02-12 03:58:09\"}', '127.0.0.1', 'Symfony', '2026-02-12 03:58:09', '2026-02-12 03:58:09'),
(2, 1, 'INSERT', 'User', 2, 'Menambahkan data baru pada User', NULL, '{\"id\": 2, \"name\": \"Petugas Lab\", \"role\": \"Petugas\", \"email\": \"petugas@test.com\", \"password\": \"$2y$12$gwSKxpf4qleVisnyuaQQK.Q9KlJTQEA8EdhhZXDxpXXe4mMZNRQsC\", \"created_at\": \"2026-02-12 03:58:10\", \"updated_at\": \"2026-02-12 03:58:10\"}', '127.0.0.1', 'Symfony', '2026-02-12 03:58:10', '2026-02-12 03:58:10'),
(3, 1, 'INSERT', 'User', 3, 'Menambahkan data baru pada User', NULL, '{\"id\": 3, \"name\": \"Mahasiswa Santuy\", \"role\": \"Peminjam\", \"email\": \"peminjam@test.com\", \"password\": \"$2y$12$mzmAFIIg0mPlU0LoYs1sWumLabBiovD.T6bC3uFFl5u.rDwj5X84i\", \"created_at\": \"2026-02-12 03:58:10\", \"updated_at\": \"2026-02-12 03:58:10\"}', '127.0.0.1', 'Symfony', '2026-02-12 03:58:10', '2026-02-12 03:58:10'),
(4, 1, 'INSERT', 'User', 4, 'Menambahkan data baru pada User', NULL, '{\"id\": 4, \"name\": \"User 0\", \"role\": \"Peminjam\", \"email\": \"user0@test.com\", \"password\": \"$2y$12$CxLKTpsbUaI.732Y8hqaE.9AhlwlFOWAzYOyAu8MIBmcF7Aa4O5ha\", \"created_at\": \"2026-02-12 03:58:10\", \"updated_at\": \"2026-02-12 03:58:10\"}', '127.0.0.1', 'Symfony', '2026-02-12 03:58:10', '2026-02-12 03:58:10'),
(5, 1, 'INSERT', 'User', 5, 'Menambahkan data baru pada User', NULL, '{\"id\": 5, \"name\": \"User 1\", \"role\": \"Peminjam\", \"email\": \"user1@test.com\", \"password\": \"$2y$12$5RIv48aMYi8/vBhFoGF4B.LsYYh.3DGhLDe9hfBo9Uc/bG41gdt.O\", \"created_at\": \"2026-02-12 03:58:11\", \"updated_at\": \"2026-02-12 03:58:11\"}', '127.0.0.1', 'Symfony', '2026-02-12 03:58:11', '2026-02-12 03:58:11'),
(6, 1, 'INSERT', 'User', 6, 'Menambahkan data baru pada User', NULL, '{\"id\": 6, \"name\": \"User 2\", \"role\": \"Peminjam\", \"email\": \"user2@test.com\", \"password\": \"$2y$12$o4ItnmdDrk9ln6ftHRhrpuyBaibxEKjSq4WLyEaxuW3FnUt0gdBVu\", \"created_at\": \"2026-02-12 03:58:11\", \"updated_at\": \"2026-02-12 03:58:11\"}', '127.0.0.1', 'Symfony', '2026-02-12 03:58:11', '2026-02-12 03:58:11'),
(7, 1, 'INSERT', 'User', 7, 'Menambahkan data baru pada User', NULL, '{\"id\": 7, \"name\": \"User 3\", \"role\": \"Peminjam\", \"email\": \"user3@test.com\", \"password\": \"$2y$12$ui3CdV3PbcRemLfrpf5qO.D6BFiWslGr6KXZ1HjCDRJb8R4Qp/Uay\", \"created_at\": \"2026-02-12 03:58:11\", \"updated_at\": \"2026-02-12 03:58:11\"}', '127.0.0.1', 'Symfony', '2026-02-12 03:58:11', '2026-02-12 03:58:11'),
(8, 1, 'INSERT', 'User', 8, 'Menambahkan data baru pada User', NULL, '{\"id\": 8, \"name\": \"User 4\", \"role\": \"Peminjam\", \"email\": \"user4@test.com\", \"password\": \"$2y$12$1cidI8bXB9fPZK.xJl18F.XFlgR5s7IWHf7u5.l02WwOC/G/ZECyu\", \"created_at\": \"2026-02-12 03:58:12\", \"updated_at\": \"2026-02-12 03:58:12\"}', '127.0.0.1', 'Symfony', '2026-02-12 03:58:12', '2026-02-12 03:58:12'),
(9, 1, 'INSERT', 'User', 9, 'Menambahkan data baru pada User', NULL, '{\"id\": 9, \"name\": \"User 5\", \"role\": \"Peminjam\", \"email\": \"user5@test.com\", \"password\": \"$2y$12$AkS7tCYzgkvDCAdWjy3fmeC8mksdg8Ojr8Ys0I1xsZUuNm9jbVA42\", \"created_at\": \"2026-02-12 03:58:12\", \"updated_at\": \"2026-02-12 03:58:12\"}', '127.0.0.1', 'Symfony', '2026-02-12 03:58:12', '2026-02-12 03:58:12'),
(10, 1, 'INSERT', 'User', 10, 'Menambahkan data baru pada User', NULL, '{\"id\": 10, \"name\": \"User 6\", \"role\": \"Peminjam\", \"email\": \"user6@test.com\", \"password\": \"$2y$12$NuYrpmPhMxPCNPyYlNwcQeHXtPBTLAKMAzL9nejfbM/ITbgbZCpce\", \"created_at\": \"2026-02-12 03:58:13\", \"updated_at\": \"2026-02-12 03:58:13\"}', '127.0.0.1', 'Symfony', '2026-02-12 03:58:13', '2026-02-12 03:58:13'),
(11, 1, 'INSERT', 'User', 11, 'Menambahkan data baru pada User', NULL, '{\"id\": 11, \"name\": \"User 7\", \"role\": \"Peminjam\", \"email\": \"user7@test.com\", \"password\": \"$2y$12$oZz5BMBclWjdSUjxxHPfy.4/GfeY8q5CJbJ76p2AJKD3YtXtrDTSe\", \"created_at\": \"2026-02-12 03:58:13\", \"updated_at\": \"2026-02-12 03:58:13\"}', '127.0.0.1', 'Symfony', '2026-02-12 03:58:13', '2026-02-12 03:58:13'),
(12, 1, 'INSERT', 'User', 12, 'Menambahkan data baru pada User', NULL, '{\"id\": 12, \"name\": \"User 8\", \"role\": \"Peminjam\", \"email\": \"user8@test.com\", \"password\": \"$2y$12$faSOpyzgVf1bWKYBw1tUPeR5RK8w4v5BqWJLPuB4ixkOh61oj0mne\", \"created_at\": \"2026-02-12 03:58:13\", \"updated_at\": \"2026-02-12 03:58:13\"}', '127.0.0.1', 'Symfony', '2026-02-12 03:58:13', '2026-02-12 03:58:13'),
(13, 1, 'INSERT', 'User', 13, 'Menambahkan data baru pada User', NULL, '{\"id\": 13, \"name\": \"User 9\", \"role\": \"Peminjam\", \"email\": \"user9@test.com\", \"password\": \"$2y$12$n.0ZqyLIdnyO7tSP9VC0bu4XO3Wxmc5tQYVHM0JSvJY9AZL2/XtVu\", \"created_at\": \"2026-02-12 03:58:14\", \"updated_at\": \"2026-02-12 03:58:14\"}', '127.0.0.1', 'Symfony', '2026-02-12 03:58:14', '2026-02-12 03:58:14'),
(14, 1, 'INSERT', 'Kategori', 1, 'Menambahkan data baru pada Kategori', NULL, '{\"id\": 1, \"created_at\": \"2026-02-12 03:58:14\", \"updated_at\": \"2026-02-12 03:58:14\", \"nama_kategori\": \"culpa\"}', '127.0.0.1', 'Symfony', '2026-02-12 03:58:14', '2026-02-12 03:58:14'),
(15, 1, 'INSERT', 'Kategori', 2, 'Menambahkan data baru pada Kategori', NULL, '{\"id\": 2, \"created_at\": \"2026-02-12 03:58:14\", \"updated_at\": \"2026-02-12 03:58:14\", \"nama_kategori\": \"sunt\"}', '127.0.0.1', 'Symfony', '2026-02-12 03:58:14', '2026-02-12 03:58:14'),
(16, 1, 'INSERT', 'Kategori', 3, 'Menambahkan data baru pada Kategori', NULL, '{\"id\": 3, \"created_at\": \"2026-02-12 03:58:14\", \"updated_at\": \"2026-02-12 03:58:14\", \"nama_kategori\": \"nesciunt\"}', '127.0.0.1', 'Symfony', '2026-02-12 03:58:14', '2026-02-12 03:58:14'),
(17, 1, 'INSERT', 'Kategori', 4, 'Menambahkan data baru pada Kategori', NULL, '{\"id\": 4, \"created_at\": \"2026-02-12 03:58:14\", \"updated_at\": \"2026-02-12 03:58:14\", \"nama_kategori\": \"similique\"}', '127.0.0.1', 'Symfony', '2026-02-12 03:58:14', '2026-02-12 03:58:14'),
(18, 1, 'INSERT', 'Kategori', 5, 'Menambahkan data baru pada Kategori', NULL, '{\"id\": 5, \"created_at\": \"2026-02-12 03:58:14\", \"updated_at\": \"2026-02-12 03:58:14\", \"nama_kategori\": \"ratione\"}', '127.0.0.1', 'Symfony', '2026-02-12 03:58:14', '2026-02-12 03:58:14'),
(19, 1, 'INSERT', 'Alat', 1, 'Menambahkan data baru pada Alat', NULL, '{\"id\": 1, \"stok\": 43, \"gambar\": null, \"kode_alat\": \"ALT-001\", \"nama_alat\": \"minus accusamus reprehenderit\", \"created_at\": \"2026-02-12 03:58:14\", \"updated_at\": \"2026-02-12 03:58:14\", \"kategori_id\": 4, \"spesifikasi\": \"Quam qui doloremque aperiam facere dicta et voluptatem. Aut rerum voluptatem quo est iusto distinctio. Laborum quod accusamus natus. Dolores voluptate consequuntur quasi voluptatem unde.\", \"harga_satuan\": 198565, \"kondisi_awal\": \"Baru\"}', '127.0.0.1', 'Symfony', '2026-02-12 03:58:14', '2026-02-12 03:58:14'),
(20, 1, 'INSERT', 'Alat', 2, 'Menambahkan data baru pada Alat', NULL, '{\"id\": 2, \"stok\": 41, \"gambar\": null, \"kode_alat\": \"ALT-002\", \"nama_alat\": \"dolorem adipisci dignissimos\", \"created_at\": \"2026-02-12 03:58:14\", \"updated_at\": \"2026-02-12 03:58:14\", \"kategori_id\": 5, \"spesifikasi\": \"Ullam delectus quaerat quia culpa. Repellendus possimus facere iste eum est. Provident incidunt quae atque rerum tenetur. Laudantium soluta quaerat adipisci tempora aperiam.\", \"harga_satuan\": 112199, \"kondisi_awal\": \"Cukup\"}', '127.0.0.1', 'Symfony', '2026-02-12 03:58:14', '2026-02-12 03:58:14'),
(21, 1, 'INSERT', 'Alat', 3, 'Menambahkan data baru pada Alat', NULL, '{\"id\": 3, \"stok\": 37, \"gambar\": null, \"kode_alat\": \"ALT-003\", \"nama_alat\": \"quidem voluptatem possimus\", \"created_at\": \"2026-02-12 03:58:14\", \"updated_at\": \"2026-02-12 03:58:14\", \"kategori_id\": 5, \"spesifikasi\": \"Nesciunt qui consequuntur consequatur consectetur illo. Corporis mollitia aut nesciunt dolores ut. Et exercitationem voluptas commodi sit. Eos quae quia eius.\", \"harga_satuan\": 797362, \"kondisi_awal\": \"Rusak Ringan\"}', '127.0.0.1', 'Symfony', '2026-02-12 03:58:14', '2026-02-12 03:58:14'),
(22, 1, 'INSERT', 'Alat', 4, 'Menambahkan data baru pada Alat', NULL, '{\"id\": 4, \"stok\": 45, \"gambar\": null, \"kode_alat\": \"ALT-004\", \"nama_alat\": \"quasi qui id\", \"created_at\": \"2026-02-12 03:58:14\", \"updated_at\": \"2026-02-12 03:58:14\", \"kategori_id\": 5, \"spesifikasi\": \"Commodi veniam aut quia provident minima assumenda incidunt. Illum ut veniam aperiam nam at. Saepe eum earum eius et ut. Aliquid iste aliquam qui nam sunt excepturi labore.\", \"harga_satuan\": 582076, \"kondisi_awal\": \"Baru\"}', '127.0.0.1', 'Symfony', '2026-02-12 03:58:14', '2026-02-12 03:58:14'),
(23, 1, 'INSERT', 'Alat', 5, 'Menambahkan data baru pada Alat', NULL, '{\"id\": 5, \"stok\": 49, \"gambar\": null, \"kode_alat\": \"ALT-005\", \"nama_alat\": \"ut consequatur illum\", \"created_at\": \"2026-02-12 03:58:14\", \"updated_at\": \"2026-02-12 03:58:14\", \"kategori_id\": 2, \"spesifikasi\": \"Voluptatum saepe et veniam ipsam sit. Voluptatem iure et et dolores harum pariatur quos. Porro modi rerum dolore facere ea consequatur ut quam.\", \"harga_satuan\": 500604, \"kondisi_awal\": \"Baru\"}', '127.0.0.1', 'Symfony', '2026-02-12 03:58:14', '2026-02-12 03:58:14'),
(24, 1, 'INSERT', 'Alat', 6, 'Menambahkan data baru pada Alat', NULL, '{\"id\": 6, \"stok\": 42, \"gambar\": null, \"kode_alat\": \"ALT-006\", \"nama_alat\": \"aut atque voluptas\", \"created_at\": \"2026-02-12 03:58:14\", \"updated_at\": \"2026-02-12 03:58:14\", \"kategori_id\": 3, \"spesifikasi\": \"Repudiandae minima delectus ipsa delectus accusamus sapiente. Et saepe corrupti perferendis quis id dignissimos. Velit sit laborum quam expedita. Nihil qui doloribus commodi occaecati libero magnam et.\", \"harga_satuan\": 645666, \"kondisi_awal\": \"Rusak Ringan\"}', '127.0.0.1', 'Symfony', '2026-02-12 03:58:14', '2026-02-12 03:58:14'),
(25, 1, 'INSERT', 'Alat', 7, 'Menambahkan data baru pada Alat', NULL, '{\"id\": 7, \"stok\": 3, \"gambar\": null, \"kode_alat\": \"ALT-007\", \"nama_alat\": \"molestiae ducimus ut\", \"created_at\": \"2026-02-12 03:58:14\", \"updated_at\": \"2026-02-12 03:58:14\", \"kategori_id\": 1, \"spesifikasi\": \"Cum rem a itaque perspiciatis ut est est. Dolorem reiciendis aperiam neque possimus. Accusantium hic pariatur dolores fugit.\", \"harga_satuan\": 154313, \"kondisi_awal\": \"Rusak Ringan\"}', '127.0.0.1', 'Symfony', '2026-02-12 03:58:14', '2026-02-12 03:58:14'),
(26, 1, 'INSERT', 'Alat', 8, 'Menambahkan data baru pada Alat', NULL, '{\"id\": 8, \"stok\": 19, \"gambar\": null, \"kode_alat\": \"ALT-008\", \"nama_alat\": \"beatae ut praesentium\", \"created_at\": \"2026-02-12 03:58:14\", \"updated_at\": \"2026-02-12 03:58:14\", \"kategori_id\": 4, \"spesifikasi\": \"Consequatur earum quos libero dignissimos dolorem modi. Maiores mollitia facere et magni et sint. Dignissimos asperiores et officiis. Quo quae id neque quia ipsa consequuntur.\", \"harga_satuan\": 817975, \"kondisi_awal\": \"Rusak Ringan\"}', '127.0.0.1', 'Symfony', '2026-02-12 03:58:14', '2026-02-12 03:58:14'),
(27, 1, 'INSERT', 'Alat', 9, 'Menambahkan data baru pada Alat', NULL, '{\"id\": 9, \"stok\": 13, \"gambar\": null, \"kode_alat\": \"ALT-009\", \"nama_alat\": \"a nesciunt pariatur\", \"created_at\": \"2026-02-12 03:58:14\", \"updated_at\": \"2026-02-12 03:58:14\", \"kategori_id\": 3, \"spesifikasi\": \"Id aut libero voluptatum blanditiis quas quasi omnis. Debitis deserunt culpa illo et delectus. Quaerat iste occaecati omnis aliquid id sint nemo.\", \"harga_satuan\": 837468, \"kondisi_awal\": \"Baru\"}', '127.0.0.1', 'Symfony', '2026-02-12 03:58:14', '2026-02-12 03:58:14'),
(28, 1, 'INSERT', 'Alat', 10, 'Menambahkan data baru pada Alat', NULL, '{\"id\": 10, \"stok\": 13, \"gambar\": null, \"kode_alat\": \"ALT-010\", \"nama_alat\": \"voluptatibus aut architecto\", \"created_at\": \"2026-02-12 03:58:14\", \"updated_at\": \"2026-02-12 03:58:14\", \"kategori_id\": 1, \"spesifikasi\": \"Est hic occaecati qui laudantium iusto. Aut quam nulla tempora. Doloremque aspernatur nihil aspernatur quia non fuga. Adipisci qui quas in optio.\", \"harga_satuan\": 588813, \"kondisi_awal\": \"Rusak Ringan\"}', '127.0.0.1', 'Symfony', '2026-02-12 03:58:14', '2026-02-12 03:58:14'),
(29, 1, 'INSERT', 'Alat', 11, 'Menambahkan data baru pada Alat', NULL, '{\"id\": 11, \"stok\": 50, \"gambar\": null, \"kode_alat\": \"ALT-011\", \"nama_alat\": \"voluptatibus vel doloribus\", \"created_at\": \"2026-02-12 03:58:14\", \"updated_at\": \"2026-02-12 03:58:14\", \"kategori_id\": 1, \"spesifikasi\": \"Rem earum mollitia voluptates ratione corporis voluptates. Voluptatibus quia id veniam quia ducimus. Et deserunt totam adipisci maiores. Quasi tempore distinctio commodi id.\", \"harga_satuan\": 270917, \"kondisi_awal\": \"Baik\"}', '127.0.0.1', 'Symfony', '2026-02-12 03:58:14', '2026-02-12 03:58:14'),
(30, 1, 'INSERT', 'Alat', 12, 'Menambahkan data baru pada Alat', NULL, '{\"id\": 12, \"stok\": 44, \"gambar\": null, \"kode_alat\": \"ALT-012\", \"nama_alat\": \"exercitationem voluptas aut\", \"created_at\": \"2026-02-12 03:58:14\", \"updated_at\": \"2026-02-12 03:58:14\", \"kategori_id\": 5, \"spesifikasi\": \"Ex cum voluptatibus quidem dolor. Soluta porro est facere natus eligendi sint veniam. Eius velit assumenda ut optio sint.\", \"harga_satuan\": 31905, \"kondisi_awal\": \"Rusak Ringan\"}', '127.0.0.1', 'Symfony', '2026-02-12 03:58:14', '2026-02-12 03:58:14'),
(31, 1, 'INSERT', 'Alat', 13, 'Menambahkan data baru pada Alat', NULL, '{\"id\": 13, \"stok\": 13, \"gambar\": null, \"kode_alat\": \"ALT-013\", \"nama_alat\": \"quidem assumenda asperiores\", \"created_at\": \"2026-02-12 03:58:14\", \"updated_at\": \"2026-02-12 03:58:14\", \"kategori_id\": 3, \"spesifikasi\": \"Autem consequatur ut possimus facilis quia voluptates. Facere ad ullam numquam nam qui temporibus fugiat voluptatem.\", \"harga_satuan\": 643600, \"kondisi_awal\": \"Baru\"}', '127.0.0.1', 'Symfony', '2026-02-12 03:58:14', '2026-02-12 03:58:14'),
(32, 1, 'INSERT', 'Alat', 14, 'Menambahkan data baru pada Alat', NULL, '{\"id\": 14, \"stok\": 37, \"gambar\": null, \"kode_alat\": \"ALT-014\", \"nama_alat\": \"nihil quis minima\", \"created_at\": \"2026-02-12 03:58:14\", \"updated_at\": \"2026-02-12 03:58:14\", \"kategori_id\": 4, \"spesifikasi\": \"Debitis aut placeat et consectetur sint. Accusantium velit quidem ducimus aliquam aliquam et eum. Consequatur et expedita occaecati tenetur vero beatae a. Ratione commodi distinctio maxime.\", \"harga_satuan\": 139214, \"kondisi_awal\": \"Cukup\"}', '127.0.0.1', 'Symfony', '2026-02-12 03:58:14', '2026-02-12 03:58:14'),
(33, 1, 'INSERT', 'Alat', 15, 'Menambahkan data baru pada Alat', NULL, '{\"id\": 15, \"stok\": 9, \"gambar\": null, \"kode_alat\": \"ALT-015\", \"nama_alat\": \"possimus excepturi quis\", \"created_at\": \"2026-02-12 03:58:14\", \"updated_at\": \"2026-02-12 03:58:14\", \"kategori_id\": 2, \"spesifikasi\": \"In ipsa doloremque ratione veniam neque. Ex autem repudiandae voluptas qui officiis et. Eum consequuntur quia rerum qui et enim.\", \"harga_satuan\": 757484, \"kondisi_awal\": \"Baik\"}', '127.0.0.1', 'Symfony', '2026-02-12 03:58:14', '2026-02-12 03:58:14'),
(34, 1, 'INSERT', 'Alat', 16, 'Menambahkan data baru pada Alat', NULL, '{\"id\": 16, \"stok\": 35, \"gambar\": null, \"kode_alat\": \"ALT-016\", \"nama_alat\": \"aliquam aut molestiae\", \"created_at\": \"2026-02-12 03:58:14\", \"updated_at\": \"2026-02-12 03:58:14\", \"kategori_id\": 4, \"spesifikasi\": \"Placeat asperiores magnam nam autem. Pariatur et esse molestiae et molestiae.\", \"harga_satuan\": 835157, \"kondisi_awal\": \"Baik\"}', '127.0.0.1', 'Symfony', '2026-02-12 03:58:14', '2026-02-12 03:58:14'),
(35, 1, 'INSERT', 'Alat', 17, 'Menambahkan data baru pada Alat', NULL, '{\"id\": 17, \"stok\": 4, \"gambar\": null, \"kode_alat\": \"ALT-017\", \"nama_alat\": \"rerum laudantium qui\", \"created_at\": \"2026-02-12 03:58:14\", \"updated_at\": \"2026-02-12 03:58:14\", \"kategori_id\": 5, \"spesifikasi\": \"Sit reiciendis ipsa est aut accusantium tempora. Esse possimus aut omnis harum. Ipsum mollitia molestias illum quod fugit consequatur illo neque.\", \"harga_satuan\": 934635, \"kondisi_awal\": \"Rusak Ringan\"}', '127.0.0.1', 'Symfony', '2026-02-12 03:58:14', '2026-02-12 03:58:14'),
(36, 1, 'INSERT', 'Alat', 18, 'Menambahkan data baru pada Alat', NULL, '{\"id\": 18, \"stok\": 27, \"gambar\": null, \"kode_alat\": \"ALT-018\", \"nama_alat\": \"dolore earum corporis\", \"created_at\": \"2026-02-12 03:58:14\", \"updated_at\": \"2026-02-12 03:58:14\", \"kategori_id\": 5, \"spesifikasi\": \"Quidem explicabo nemo quas nihil quia enim voluptatem. Omnis ut impedit provident doloribus animi accusantium.\", \"harga_satuan\": 113703, \"kondisi_awal\": \"Rusak Ringan\"}', '127.0.0.1', 'Symfony', '2026-02-12 03:58:14', '2026-02-12 03:58:14'),
(37, 1, 'INSERT', 'Alat', 19, 'Menambahkan data baru pada Alat', NULL, '{\"id\": 19, \"stok\": 30, \"gambar\": null, \"kode_alat\": \"ALT-019\", \"nama_alat\": \"quasi perferendis earum\", \"created_at\": \"2026-02-12 03:58:14\", \"updated_at\": \"2026-02-12 03:58:14\", \"kategori_id\": 4, \"spesifikasi\": \"Eos ut similique odit. Nisi deserunt debitis ut distinctio aut ducimus. Nihil rem veritatis excepturi pariatur adipisci et ut.\", \"harga_satuan\": 59122, \"kondisi_awal\": \"Baru\"}', '127.0.0.1', 'Symfony', '2026-02-12 03:58:14', '2026-02-12 03:58:14'),
(38, 1, 'INSERT', 'Alat', 20, 'Menambahkan data baru pada Alat', NULL, '{\"id\": 20, \"stok\": 10, \"gambar\": null, \"kode_alat\": \"ALT-020\", \"nama_alat\": \"qui et voluptates\", \"created_at\": \"2026-02-12 03:58:14\", \"updated_at\": \"2026-02-12 03:58:14\", \"kategori_id\": 1, \"spesifikasi\": \"Rerum veritatis sequi nihil voluptates id. Perferendis consequatur odio aut dolore. Molestias est error quia rem. Aut dolores commodi omnis vitae magni suscipit. Optio voluptatibus aut totam eum impedit ab.\", \"harga_satuan\": 879928, \"kondisi_awal\": \"Baru\"}', '127.0.0.1', 'Symfony', '2026-02-12 03:58:14', '2026-02-12 03:58:14'),
(39, 1, 'INSERT', 'Peminjaman', 1, 'Menambahkan data baru pada Peminjaman', NULL, '{\"id\": 1, \"status\": \"Menunggu\", \"user_id\": 6, \"created_at\": \"2026-02-12 03:58:14\", \"updated_at\": \"2026-02-12 03:58:14\", \"approved_by\": null, \"rejected_by\": null, \"tanggal_pinjam\": \"2026-02-13 03:58:14\", \"nomor_peminjaman\": \"P-57639\", \"tanggal_kembali_real\": null, \"tanggal_kembali_rencana\": \"2026-02-15 03:58:14\"}', '127.0.0.1', 'Symfony', '2026-02-12 03:58:14', '2026-02-12 03:58:14'),
(40, 1, 'INSERT', 'Peminjaman', 2, 'Menambahkan data baru pada Peminjaman', NULL, '{\"id\": 2, \"status\": \"Menunggu\", \"user_id\": 4, \"created_at\": \"2026-02-12 03:58:14\", \"updated_at\": \"2026-02-12 03:58:14\", \"approved_by\": null, \"rejected_by\": null, \"tanggal_pinjam\": \"2026-02-13 03:58:14\", \"nomor_peminjaman\": \"P-73795\", \"tanggal_kembali_real\": null, \"tanggal_kembali_rencana\": \"2026-02-15 03:58:14\"}', '127.0.0.1', 'Symfony', '2026-02-12 03:58:14', '2026-02-12 03:58:14'),
(41, 1, 'INSERT', 'Peminjaman', 3, 'Menambahkan data baru pada Peminjaman', NULL, '{\"id\": 3, \"status\": \"Menunggu\", \"user_id\": 11, \"created_at\": \"2026-02-12 03:58:14\", \"updated_at\": \"2026-02-12 03:58:14\", \"approved_by\": null, \"rejected_by\": null, \"tanggal_pinjam\": \"2026-02-13 03:58:14\", \"nomor_peminjaman\": \"P-51574\", \"tanggal_kembali_real\": null, \"tanggal_kembali_rencana\": \"2026-02-15 03:58:14\"}', '127.0.0.1', 'Symfony', '2026-02-12 03:58:14', '2026-02-12 03:58:14'),
(42, 1, 'INSERT', 'Peminjaman', 4, 'Menambahkan data baru pada Peminjaman', NULL, '{\"id\": 4, \"status\": \"Menunggu\", \"user_id\": 12, \"created_at\": \"2026-02-12 03:58:14\", \"updated_at\": \"2026-02-12 03:58:14\", \"approved_by\": null, \"rejected_by\": null, \"tanggal_pinjam\": \"2026-02-13 03:58:14\", \"nomor_peminjaman\": \"P-65300\", \"tanggal_kembali_real\": null, \"tanggal_kembali_rencana\": \"2026-02-15 03:58:14\"}', '127.0.0.1', 'Symfony', '2026-02-12 03:58:14', '2026-02-12 03:58:14'),
(43, 1, 'INSERT', 'Peminjaman', 5, 'Menambahkan data baru pada Peminjaman', NULL, '{\"id\": 5, \"status\": \"Menunggu\", \"user_id\": 9, \"created_at\": \"2026-02-12 03:58:14\", \"updated_at\": \"2026-02-12 03:58:14\", \"approved_by\": null, \"rejected_by\": null, \"tanggal_pinjam\": \"2026-02-13 03:58:14\", \"nomor_peminjaman\": \"P-56503\", \"tanggal_kembali_real\": null, \"tanggal_kembali_rencana\": \"2026-02-15 03:58:14\"}', '127.0.0.1', 'Symfony', '2026-02-12 03:58:14', '2026-02-12 03:58:14'),
(44, 1, 'INSERT', 'Peminjaman', 6, 'Menambahkan data baru pada Peminjaman', NULL, '{\"id\": 6, \"status\": \"Disetujui\", \"user_id\": 9, \"created_at\": \"2026-02-12 03:58:14\", \"updated_at\": \"2026-02-12 03:58:14\", \"approved_by\": 2, \"rejected_by\": null, \"tanggal_pinjam\": \"2026-02-11 03:58:14\", \"nomor_peminjaman\": \"P-36056\", \"tanggal_kembali_real\": null, \"tanggal_kembali_rencana\": \"2026-02-14 03:58:14\"}', '127.0.0.1', 'Symfony', '2026-02-12 03:58:14', '2026-02-12 03:58:14'),
(45, 1, 'INSERT', 'Peminjaman', 7, 'Menambahkan data baru pada Peminjaman', NULL, '{\"id\": 7, \"status\": \"Disetujui\", \"user_id\": 9, \"created_at\": \"2026-02-12 03:58:14\", \"updated_at\": \"2026-02-12 03:58:14\", \"approved_by\": 2, \"rejected_by\": null, \"tanggal_pinjam\": \"2026-02-11 03:58:14\", \"nomor_peminjaman\": \"P-97096\", \"tanggal_kembali_real\": null, \"tanggal_kembali_rencana\": \"2026-02-14 03:58:14\"}', '127.0.0.1', 'Symfony', '2026-02-12 03:58:14', '2026-02-12 03:58:14'),
(46, 1, 'INSERT', 'Peminjaman', 8, 'Menambahkan data baru pada Peminjaman', NULL, '{\"id\": 8, \"status\": \"Disetujui\", \"user_id\": 5, \"created_at\": \"2026-02-12 03:58:14\", \"updated_at\": \"2026-02-12 03:58:14\", \"approved_by\": 2, \"rejected_by\": null, \"tanggal_pinjam\": \"2026-02-11 03:58:14\", \"nomor_peminjaman\": \"P-16955\", \"tanggal_kembali_real\": null, \"tanggal_kembali_rencana\": \"2026-02-14 03:58:14\"}', '127.0.0.1', 'Symfony', '2026-02-12 03:58:14', '2026-02-12 03:58:14'),
(47, 1, 'INSERT', 'Peminjaman', 9, 'Menambahkan data baru pada Peminjaman', NULL, '{\"id\": 9, \"status\": \"Disetujui\", \"user_id\": 10, \"created_at\": \"2026-02-12 03:58:14\", \"updated_at\": \"2026-02-12 03:58:14\", \"approved_by\": 2, \"rejected_by\": null, \"tanggal_pinjam\": \"2026-02-11 03:58:14\", \"nomor_peminjaman\": \"P-12986\", \"tanggal_kembali_real\": null, \"tanggal_kembali_rencana\": \"2026-02-14 03:58:14\"}', '127.0.0.1', 'Symfony', '2026-02-12 03:58:14', '2026-02-12 03:58:14'),
(48, 1, 'INSERT', 'Peminjaman', 10, 'Menambahkan data baru pada Peminjaman', NULL, '{\"id\": 10, \"status\": \"Disetujui\", \"user_id\": 6, \"created_at\": \"2026-02-12 03:58:14\", \"updated_at\": \"2026-02-12 03:58:14\", \"approved_by\": 2, \"rejected_by\": null, \"tanggal_pinjam\": \"2026-02-11 03:58:14\", \"nomor_peminjaman\": \"P-72533\", \"tanggal_kembali_real\": null, \"tanggal_kembali_rencana\": \"2026-02-14 03:58:14\"}', '127.0.0.1', 'Symfony', '2026-02-12 03:58:14', '2026-02-12 03:58:14'),
(49, 1, 'INSERT', 'User', 14, 'Menambahkan data baru pada User', NULL, '{\"id\": 14, \"name\": \"Nopal\", \"role\": \"Peminjam\", \"email\": \"muhammadnovalsupriyadi1@gmail.com\", \"password\": \"$2y$12$aJ4XGh6vB/h2g1Iorv/rLeosImsZWwkzO7zWlSyMDTFzotA0FZFga\", \"created_at\": \"2026-02-12 04:00:29\", \"updated_at\": \"2026-02-12 04:00:29\"}', '127.0.0.1', 'Mozilla/5.0 (Windows NT 10.0; Win64; x64) AppleWebKit/537.36 (KHTML, like Gecko) Chrome/143.0.0.0 Safari/537.36', '2026-02-12 04:00:29', '2026-02-12 04:00:29'),
(50, 1, 'INSERT', 'Kategori', 6, 'Menambahkan data baru pada Kategori', NULL, '{\"id\": 6, \"deskripsi\": \"Berhubung dengan listrik\", \"created_at\": \"2026-02-12 04:01:21\", \"updated_at\": \"2026-02-12 04:01:21\", \"nama_kategori\": \"Elektronik\"}', '127.0.0.1', 'Mozilla/5.0 (Windows NT 10.0; Win64; x64) AppleWebKit/537.36 (KHTML, like Gecko) Chrome/143.0.0.0 Safari/537.36', '2026-02-12 04:01:21', '2026-02-12 04:01:21'),
(51, 1, 'INSERT', 'Alat', 21, 'Menambahkan data baru pada Alat', NULL, '{\"id\": 21, \"stok\": 25, \"gambar\": \"01KH8072XEPM40S0TJQ0V062K8.jpg\", \"kode_alat\": \"ALT-021\", \"nama_alat\": \"Macbook Pro M1\", \"created_at\": \"2026-02-12 04:02:15\", \"updated_at\": \"2026-02-12 04:02:15\", \"kategori_id\": 6, \"spesifikasi\": \"Macbook Pro M1 512\", \"harga_satuan\": 16000000, \"kondisi_awal\": \"Baik\"}', '127.0.0.1', 'Mozilla/5.0 (Windows NT 10.0; Win64; x64) AppleWebKit/537.36 (KHTML, like Gecko) Chrome/143.0.0.0 Safari/537.36', '2026-02-12 04:02:15', '2026-02-12 04:02:15'),
(52, 3, 'INSERT', 'Peminjaman', 11, 'Menambahkan data baru pada Peminjaman', NULL, '{\"id\": 11, \"status\": \"Menunggu\", \"user_id\": 3, \"keperluan\": \"Pengen Ngoding\", \"created_at\": \"2026-02-12 04:03:17\", \"updated_at\": \"2026-02-12 04:03:17\", \"tanggal_pinjam\": \"2026-02-12 00:00:00\", \"nomor_peminjaman\": \"P-1770868997\", \"tanggal_kembali_rencana\": \"2026-02-22 00:00:00\"}', '127.0.0.1', 'Mozilla/5.0 (Windows NT 10.0; Win64; x64) AppleWebKit/537.36 (KHTML, like Gecko) Chrome/143.0.0.0 Safari/537.36', '2026-02-12 04:03:17', '2026-02-12 04:03:17'),
(53, 3, 'INSERT', 'PeminjamanAlat', 6, 'Menambahkan data baru pada PeminjamanAlat', NULL, '{\"id\": 6, \"jumlah\": 3, \"alat_id\": 21, \"created_at\": \"2026-02-12 04:03:17\", \"updated_at\": \"2026-02-12 04:03:17\", \"peminjaman_id\": 11}', '127.0.0.1', 'Mozilla/5.0 (Windows NT 10.0; Win64; x64) AppleWebKit/537.36 (KHTML, like Gecko) Chrome/143.0.0.0 Safari/537.36', '2026-02-12 04:03:17', '2026-02-12 04:03:17'),
(54, 2, 'UPDATE', 'Alat', 21, 'Mengubah data pada Alat', '{\"stok\": 25}', '{\"stok\": 22}', '127.0.0.1', 'Mozilla/5.0 (Windows NT 10.0; Win64; x64; rv:147.0) Gecko/20100101 Firefox/147.0', '2026-02-12 04:03:32', '2026-02-12 04:03:32'),
(55, 2, 'UPDATE', 'Peminjaman', 11, 'Mengubah data pada Peminjaman', '{\"status\": \"Menunggu\", \"updated_at\": \"2026-02-12T04:03:17.000000Z\", \"approved_at\": null, \"approved_by\": null}', '{\"status\": \"Disetujui\", \"updated_at\": \"2026-02-12 04:03:32\", \"approved_at\": \"2026-02-12T04:03:32.635681Z\", \"approved_by\": 2}', '127.0.0.1', 'Mozilla/5.0 (Windows NT 10.0; Win64; x64; rv:147.0) Gecko/20100101 Firefox/147.0', '2026-02-12 04:03:32', '2026-02-12 04:03:32'),
(56, 3, 'UPDATE', 'Peminjaman', 11, 'Mengubah data pada Peminjaman', '{\"status\": \"Disetujui\", \"updated_at\": \"2026-02-12T04:03:32.000000Z\"}', '{\"status\": \"Menunggu_Verifikasi_Kembali\", \"updated_at\": \"2026-02-12 04:03:45\"}', '127.0.0.1', 'Mozilla/5.0 (Windows NT 10.0; Win64; x64) AppleWebKit/537.36 (KHTML, like Gecko) Chrome/143.0.0.0 Safari/537.36', '2026-02-12 04:03:45', '2026-02-12 04:03:45'),
(57, 2, 'UPDATE', 'Alat', 21, 'Mengubah data pada Alat', '{\"stok\": 22}', '{\"stok\": 25}', '127.0.0.1', 'Mozilla/5.0 (Windows NT 10.0; Win64; x64; rv:147.0) Gecko/20100101 Firefox/147.0', '2026-02-12 04:04:31', '2026-02-12 04:04:31'),
(58, 2, 'INSERT', 'Pengembalian', 1, 'Menambahkan data baru pada Pengembalian', NULL, '{\"id\": 1, \"created_at\": \"2026-02-12 04:04:31\", \"petugas_id\": 2, \"updated_at\": \"2026-02-12 04:04:31\", \"total_denda\": 24090000, \"peminjaman_id\": 11, \"hari_terlambat\": 18, \"denda_kerusakan\": 24000000, \"denda_kehilangan\": 0, \"status_pembayaran\": \"Belum_Lunas\", \"nomor_pengembalian\": \"RET-1770869071\", \"denda_keterlambatan\": 90000, \"catatan_pengembalian\": null, \"tanggal_kembali_real\": \"2026-03-12 00:00:00\"}', '127.0.0.1', 'Mozilla/5.0 (Windows NT 10.0; Win64; x64; rv:147.0) Gecko/20100101 Firefox/147.0', '2026-02-12 04:04:31', '2026-02-12 04:04:31'),
(59, 2, 'INSERT', 'PengembalianDetail', 1, 'Menambahkan data baru pada PengembalianDetail', NULL, '{\"id\": 1, \"alat_id\": 21, \"created_at\": \"2026-02-12 04:04:31\", \"denda_item\": 24000000, \"updated_at\": \"2026-02-12 04:04:31\", \"jumlah_kembali\": 3, \"catatan_kondisi\": \"Ketumpahan Air\", \"kondisi_kembali\": \"Rusak\", \"pengembalian_id\": 1}', '127.0.0.1', 'Mozilla/5.0 (Windows NT 10.0; Win64; x64; rv:147.0) Gecko/20100101 Firefox/147.0', '2026-02-12 04:04:31', '2026-02-12 04:04:31'),
(60, 2, 'UPDATE', 'Peminjaman', 11, 'Mengubah data pada Peminjaman', '{\"status\": \"Menunggu_Verifikasi_Kembali\", \"updated_at\": \"2026-02-12T04:03:45.000000Z\", \"tanggal_kembali_real\": null}', '{\"status\": \"Kembali\", \"updated_at\": \"2026-02-12 04:04:31\", \"tanggal_kembali_real\": \"2026-03-12 00:00:00\"}', '127.0.0.1', 'Mozilla/5.0 (Windows NT 10.0; Win64; x64; rv:147.0) Gecko/20100101 Firefox/147.0', '2026-02-12 04:04:31', '2026-02-12 04:04:31'),
(61, 3, 'UPDATE', 'Pengembalian', 1, 'Mengubah data pada Pengembalian', '{\"updated_at\": \"2026-02-12T04:04:31.000000Z\", \"tanggal_bayar\": null, \"status_pembayaran\": \"Belum_Lunas\"}', '{\"updated_at\": \"2026-02-12 04:05:26\", \"tanggal_bayar\": \"2026-02-12 04:05:26\", \"status_pembayaran\": \"Lunas\"}', '127.0.0.1', 'Mozilla/5.0 (Windows NT 10.0; Win64; x64) AppleWebKit/537.36 (KHTML, like Gecko) Chrome/143.0.0.0 Safari/537.36', '2026-02-12 04:05:26', '2026-02-12 04:05:26'),
(62, 3, 'INSERT', 'Peminjaman', 12, 'Menambahkan data baru pada Peminjaman', NULL, '{\"id\": 12, \"status\": \"Menunggu\", \"user_id\": 3, \"keperluan\": \"untuk ngoding \", \"created_at\": \"2026-02-12 05:05:58\", \"updated_at\": \"2026-02-12 05:05:58\", \"tanggal_pinjam\": \"2026-02-12 00:00:00\", \"nomor_peminjaman\": \"P-1770872758\", \"tanggal_kembali_rencana\": \"2026-02-15 00:00:00\"}', '127.0.0.1', 'Mozilla/5.0 (Windows NT 10.0; Win64; x64) AppleWebKit/537.36 (KHTML, like Gecko) Chrome/143.0.0.0 Safari/537.36', '2026-02-12 05:05:58', '2026-02-12 05:05:58'),
(63, 3, 'INSERT', 'PeminjamanAlat', 7, 'Menambahkan data baru pada PeminjamanAlat', NULL, '{\"id\": 7, \"jumlah\": 3, \"alat_id\": 21, \"created_at\": \"2026-02-12 05:05:58\", \"updated_at\": \"2026-02-12 05:05:58\", \"peminjaman_id\": 12}', '127.0.0.1', 'Mozilla/5.0 (Windows NT 10.0; Win64; x64) AppleWebKit/537.36 (KHTML, like Gecko) Chrome/143.0.0.0 Safari/537.36', '2026-02-12 05:05:58', '2026-02-12 05:05:58'),
(64, 2, 'UPDATE', 'Alat', 21, 'Mengubah data pada Alat', '{\"stok\": 25}', '{\"stok\": 22}', '127.0.0.1', 'Mozilla/5.0 (Windows NT 10.0; Win64; x64; rv:147.0) Gecko/20100101 Firefox/147.0', '2026-02-12 05:06:36', '2026-02-12 05:06:36'),
(65, 2, 'UPDATE', 'Peminjaman', 12, 'Mengubah data pada Peminjaman', '{\"status\": \"Menunggu\", \"updated_at\": \"2026-02-12T05:05:58.000000Z\", \"approved_at\": null, \"approved_by\": null}', '{\"status\": \"Disetujui\", \"updated_at\": \"2026-02-12 05:06:36\", \"approved_at\": \"2026-02-12T05:06:36.769403Z\", \"approved_by\": 2}', '127.0.0.1', 'Mozilla/5.0 (Windows NT 10.0; Win64; x64; rv:147.0) Gecko/20100101 Firefox/147.0', '2026-02-12 05:06:36', '2026-02-12 05:06:36'),
(66, 3, 'UPDATE', 'Peminjaman', 12, 'Mengubah data pada Peminjaman', '{\"status\": \"Disetujui\", \"updated_at\": \"2026-02-12T05:06:36.000000Z\"}', '{\"status\": \"Menunggu_Verifikasi_Kembali\", \"updated_at\": \"2026-02-12 05:06:59\"}', '127.0.0.1', 'Mozilla/5.0 (Windows NT 10.0; Win64; x64) AppleWebKit/537.36 (KHTML, like Gecko) Chrome/143.0.0.0 Safari/537.36', '2026-02-12 05:06:59', '2026-02-12 05:06:59'),
(67, 2, 'UPDATE', 'Alat', 21, 'Mengubah data pada Alat', '{\"stok\": 22}', '{\"stok\": 25}', '127.0.0.1', 'Mozilla/5.0 (Windows NT 10.0; Win64; x64; rv:147.0) Gecko/20100101 Firefox/147.0', '2026-02-12 05:09:14', '2026-02-12 05:09:14'),
(68, 2, 'INSERT', 'Pengembalian', 2, 'Menambahkan data baru pada Pengembalian', NULL, '{\"id\": 2, \"created_at\": \"2026-02-12 05:09:14\", \"petugas_id\": 2, \"updated_at\": \"2026-02-12 05:09:14\", \"total_denda\": 24030000, \"peminjaman_id\": 12, \"hari_terlambat\": 6, \"denda_kerusakan\": 24000000, \"denda_kehilangan\": 0, \"status_pembayaran\": \"Belum_Lunas\", \"nomor_pengembalian\": \"RET-1770872954\", \"denda_keterlambatan\": 30000, \"catatan_pengembalian\": null, \"tanggal_kembali_real\": \"2026-02-21 00:00:00\"}', '127.0.0.1', 'Mozilla/5.0 (Windows NT 10.0; Win64; x64; rv:147.0) Gecko/20100101 Firefox/147.0', '2026-02-12 05:09:14', '2026-02-12 05:09:14'),
(69, 2, 'INSERT', 'PengembalianDetail', 2, 'Menambahkan data baru pada PengembalianDetail', NULL, '{\"id\": 2, \"alat_id\": 21, \"created_at\": \"2026-02-12 05:09:14\", \"denda_item\": 24000000, \"updated_at\": \"2026-02-12 05:09:14\", \"jumlah_kembali\": 3, \"catatan_kondisi\": \"jatoh\", \"kondisi_kembali\": \"Rusak\", \"pengembalian_id\": 2}', '127.0.0.1', 'Mozilla/5.0 (Windows NT 10.0; Win64; x64; rv:147.0) Gecko/20100101 Firefox/147.0', '2026-02-12 05:09:14', '2026-02-12 05:09:14'),
(70, 2, 'UPDATE', 'Peminjaman', 12, 'Mengubah data pada Peminjaman', '{\"status\": \"Menunggu_Verifikasi_Kembali\", \"updated_at\": \"2026-02-12T05:06:59.000000Z\", \"tanggal_kembali_real\": null}', '{\"status\": \"Kembali\", \"updated_at\": \"2026-02-12 05:09:14\", \"tanggal_kembali_real\": \"2026-02-21 00:00:00\"}', '127.0.0.1', 'Mozilla/5.0 (Windows NT 10.0; Win64; x64; rv:147.0) Gecko/20100101 Firefox/147.0', '2026-02-12 05:09:14', '2026-02-12 05:09:14'),
(71, 3, 'UPDATE', 'Pengembalian', 2, 'Mengubah data pada Pengembalian', '{\"updated_at\": \"2026-02-12T05:09:14.000000Z\", \"tanggal_bayar\": null, \"status_pembayaran\": \"Belum_Lunas\"}', '{\"updated_at\": \"2026-02-20 09:05:05\", \"tanggal_bayar\": \"2026-02-20 09:05:05\", \"status_pembayaran\": \"Lunas\"}', '127.0.0.1', 'Mozilla/5.0 (Windows NT 10.0; Win64; x64) AppleWebKit/537.36 (KHTML, like Gecko) Chrome/143.0.0.0 Safari/537.36', '2026-02-20 09:05:06', '2026-02-20 09:05:06'),
(72, 3, 'INSERT', 'Peminjaman', 13, 'Menambahkan data baru pada Peminjaman', NULL, '{\"id\": 13, \"status\": \"Menunggu\", \"user_id\": 3, \"keperluan\": \"test\", \"created_at\": \"2026-02-20 09:06:55\", \"updated_at\": \"2026-02-20 09:06:55\", \"tanggal_pinjam\": \"2026-02-20 00:00:00\", \"nomor_peminjaman\": \"P-1771578415\", \"tanggal_kembali_rencana\": \"2026-02-21 00:00:00\"}', '127.0.0.1', 'Mozilla/5.0 (Windows NT 10.0; Win64; x64) AppleWebKit/537.36 (KHTML, like Gecko) Chrome/143.0.0.0 Safari/537.36', '2026-02-20 09:06:55', '2026-02-20 09:06:55'),
(73, 3, 'INSERT', 'PeminjamanAlat', 8, 'Menambahkan data baru pada PeminjamanAlat', NULL, '{\"id\": 8, \"jumlah\": 2, \"alat_id\": 21, \"created_at\": \"2026-02-20 09:06:55\", \"updated_at\": \"2026-02-20 09:06:55\", \"peminjaman_id\": 13}', '127.0.0.1', 'Mozilla/5.0 (Windows NT 10.0; Win64; x64) AppleWebKit/537.36 (KHTML, like Gecko) Chrome/143.0.0.0 Safari/537.36', '2026-02-20 09:06:55', '2026-02-20 09:06:55'),
(74, 2, 'UPDATE', 'Alat', 21, 'Mengubah data pada Alat', '{\"stok\": 25}', '{\"stok\": 23}', '127.0.0.1', 'Mozilla/5.0 (Windows NT 10.0; Win64; x64) AppleWebKit/537.36 (KHTML, like Gecko) Chrome/143.0.0.0 Safari/537.36', '2026-02-20 09:07:39', '2026-02-20 09:07:39'),
(75, 2, 'UPDATE', 'Peminjaman', 13, 'Mengubah data pada Peminjaman', '{\"status\": \"Menunggu\", \"updated_at\": \"2026-02-20T09:06:55.000000Z\", \"approved_at\": null, \"approved_by\": null}', '{\"status\": \"Disetujui\", \"updated_at\": \"2026-02-20 09:07:39\", \"approved_at\": \"2026-02-20T09:07:39.947282Z\", \"approved_by\": 2}', '127.0.0.1', 'Mozilla/5.0 (Windows NT 10.0; Win64; x64) AppleWebKit/537.36 (KHTML, like Gecko) Chrome/143.0.0.0 Safari/537.36', '2026-02-20 09:07:39', '2026-02-20 09:07:39'),
(76, 3, 'UPDATE', 'Peminjaman', 13, 'Mengubah data pada Peminjaman', '{\"status\": \"Disetujui\", \"updated_at\": \"2026-02-20T09:07:39.000000Z\"}', '{\"status\": \"Menunggu_Verifikasi_Kembali\", \"updated_at\": \"2026-02-20 09:08:28\"}', '127.0.0.1', 'Mozilla/5.0 (Windows NT 10.0; Win64; x64) AppleWebKit/537.36 (KHTML, like Gecko) Chrome/143.0.0.0 Safari/537.36', '2026-02-20 09:08:28', '2026-02-20 09:08:28'),
(77, 2, 'UPDATE', 'Alat', 21, 'Mengubah data pada Alat', '{\"stok\": 23}', '{\"stok\": 25}', '127.0.0.1', 'Mozilla/5.0 (Windows NT 10.0; Win64; x64) AppleWebKit/537.36 (KHTML, like Gecko) Chrome/143.0.0.0 Safari/537.36', '2026-02-20 09:20:01', '2026-02-20 09:20:01'),
(78, 2, 'INSERT', 'Pengembalian', 3, 'Menambahkan data baru pada Pengembalian', NULL, '{\"id\": 3, \"created_at\": \"2026-02-20 09:20:01\", \"petugas_id\": 2, \"updated_at\": \"2026-02-20 09:20:01\", \"total_denda\": 16000000, \"peminjaman_id\": 13, \"hari_terlambat\": 0, \"denda_kerusakan\": 16000000, \"denda_kehilangan\": 0, \"status_pembayaran\": \"Belum_Lunas\", \"nomor_pengembalian\": \"RET-1771579201\", \"denda_keterlambatan\": 0, \"catatan_pengembalian\": null, \"tanggal_kembali_real\": \"2026-02-20 00:00:00\"}', '127.0.0.1', 'Mozilla/5.0 (Windows NT 10.0; Win64; x64) AppleWebKit/537.36 (KHTML, like Gecko) Chrome/143.0.0.0 Safari/537.36', '2026-02-20 09:20:01', '2026-02-20 09:20:01'),
(79, 2, 'INSERT', 'PengembalianDetail', 3, 'Menambahkan data baru pada PengembalianDetail', NULL, '{\"id\": 3, \"alat_id\": 21, \"created_at\": \"2026-02-20 09:20:01\", \"denda_item\": 16000000, \"updated_at\": \"2026-02-20 09:20:01\", \"jumlah_kembali\": 2, \"catatan_kondisi\": \"jatoh\", \"kondisi_kembali\": \"Rusak\", \"pengembalian_id\": 3}', '127.0.0.1', 'Mozilla/5.0 (Windows NT 10.0; Win64; x64) AppleWebKit/537.36 (KHTML, like Gecko) Chrome/143.0.0.0 Safari/537.36', '2026-02-20 09:20:01', '2026-02-20 09:20:01'),
(80, 2, 'UPDATE', 'Peminjaman', 13, 'Mengubah data pada Peminjaman', '{\"status\": \"Menunggu_Verifikasi_Kembali\", \"updated_at\": \"2026-02-20T09:08:28.000000Z\", \"tanggal_kembali_real\": null}', '{\"status\": \"Kembali\", \"updated_at\": \"2026-02-20 09:20:01\", \"tanggal_kembali_real\": \"2026-02-20 00:00:00\"}', '127.0.0.1', 'Mozilla/5.0 (Windows NT 10.0; Win64; x64) AppleWebKit/537.36 (KHTML, like Gecko) Chrome/143.0.0.0 Safari/537.36', '2026-02-20 09:20:01', '2026-02-20 09:20:01'),
(81, 2, 'UPDATE', 'Pengembalian', 3, 'Mengubah data pada Pengembalian', '{\"updated_at\": \"2026-02-20T09:20:01.000000Z\", \"tanggal_bayar\": null, \"status_pembayaran\": \"Belum_Lunas\"}', '{\"updated_at\": \"2026-02-20 09:38:59\", \"tanggal_bayar\": \"2026-02-20 09:38:59\", \"status_pembayaran\": \"Lunas\"}', '127.0.0.1', 'Mozilla/5.0 (Windows NT 10.0; Win64; x64) AppleWebKit/537.36 (KHTML, like Gecko) Chrome/143.0.0.0 Safari/537.36', '2026-02-20 09:38:59', '2026-02-20 09:38:59'),
(82, 3, 'INSERT', 'Peminjaman', 14, 'Menambahkan data baru pada Peminjaman', NULL, '{\"id\": 14, \"status\": \"Menunggu\", \"user_id\": 3, \"keperluan\": \"kepo\", \"created_at\": \"2026-02-20 09:41:26\", \"updated_at\": \"2026-02-20 09:41:26\", \"tanggal_pinjam\": \"2026-02-20 00:00:00\", \"nomor_peminjaman\": \"P-1771580486\", \"tanggal_kembali_rencana\": \"2026-02-21 00:00:00\"}', '127.0.0.1', 'Mozilla/5.0 (Windows NT 10.0; Win64; x64) AppleWebKit/537.36 (KHTML, like Gecko) Chrome/143.0.0.0 Safari/537.36', '2026-02-20 09:41:26', '2026-02-20 09:41:26'),
(83, 3, 'INSERT', 'PeminjamanAlat', 9, 'Menambahkan data baru pada PeminjamanAlat', NULL, '{\"id\": 9, \"jumlah\": 4, \"alat_id\": 21, \"created_at\": \"2026-02-20 09:41:27\", \"updated_at\": \"2026-02-20 09:41:27\", \"peminjaman_id\": 14}', '127.0.0.1', 'Mozilla/5.0 (Windows NT 10.0; Win64; x64) AppleWebKit/537.36 (KHTML, like Gecko) Chrome/143.0.0.0 Safari/537.36', '2026-02-20 09:41:27', '2026-02-20 09:41:27'),
(84, 2, 'UPDATE', 'Alat', 21, 'Mengubah data pada Alat', '{\"stok\": 25}', '{\"stok\": 21}', '127.0.0.1', 'Mozilla/5.0 (Windows NT 10.0; Win64; x64) AppleWebKit/537.36 (KHTML, like Gecko) Chrome/143.0.0.0 Safari/537.36', '2026-02-20 09:42:43', '2026-02-20 09:42:43'),
(85, 2, 'UPDATE', 'Peminjaman', 14, 'Mengubah data pada Peminjaman', '{\"status\": \"Menunggu\", \"updated_at\": \"2026-02-20T09:41:26.000000Z\", \"approved_at\": null, \"approved_by\": null}', '{\"status\": \"Disetujui\", \"updated_at\": \"2026-02-20 09:42:43\", \"approved_at\": \"2026-02-20T09:42:43.669008Z\", \"approved_by\": 2}', '127.0.0.1', 'Mozilla/5.0 (Windows NT 10.0; Win64; x64) AppleWebKit/537.36 (KHTML, like Gecko) Chrome/143.0.0.0 Safari/537.36', '2026-02-20 09:42:43', '2026-02-20 09:42:43'),
(86, 3, 'UPDATE', 'Peminjaman', 14, 'Mengubah data pada Peminjaman', '{\"status\": \"Disetujui\", \"updated_at\": \"2026-02-20T09:42:43.000000Z\"}', '{\"status\": \"Menunggu_Verifikasi_Kembali\", \"updated_at\": \"2026-02-20 09:43:27\"}', '127.0.0.1', 'Mozilla/5.0 (Windows NT 10.0; Win64; x64) AppleWebKit/537.36 (KHTML, like Gecko) Chrome/143.0.0.0 Safari/537.36', '2026-02-20 09:43:27', '2026-02-20 09:43:27'),
(87, 2, 'UPDATE', 'Alat', 21, 'Mengubah data pada Alat', '{\"stok\": 21}', '{\"stok\": 25}', '127.0.0.1', 'Mozilla/5.0 (Windows NT 10.0; Win64; x64) AppleWebKit/537.36 (KHTML, like Gecko) Chrome/143.0.0.0 Safari/537.36', '2026-02-20 09:44:36', '2026-02-20 09:44:36'),
(88, 2, 'INSERT', 'Pengembalian', 4, 'Menambahkan data baru pada Pengembalian', NULL, '{\"id\": 4, \"created_at\": \"2026-02-20 09:44:36\", \"petugas_id\": 2, \"updated_at\": \"2026-02-20 09:44:36\", \"total_denda\": 64025000, \"peminjaman_id\": 14, \"hari_terlambat\": 0, \"denda_kerusakan\": 0, \"denda_kehilangan\": 64025000, \"status_pembayaran\": \"Belum_Lunas\", \"nomor_pengembalian\": \"RET-1771580676\", \"denda_keterlambatan\": 0, \"catatan_pengembalian\": null, \"tanggal_kembali_real\": \"2026-02-20 00:00:00\"}', '127.0.0.1', 'Mozilla/5.0 (Windows NT 10.0; Win64; x64) AppleWebKit/537.36 (KHTML, like Gecko) Chrome/143.0.0.0 Safari/537.36', '2026-02-20 09:44:36', '2026-02-20 09:44:36'),
(89, 2, 'INSERT', 'PengembalianDetail', 4, 'Menambahkan data baru pada PengembalianDetail', NULL, '{\"id\": 4, \"alat_id\": 21, \"created_at\": \"2026-02-20 09:44:36\", \"denda_item\": 64025000, \"updated_at\": \"2026-02-20 09:44:36\", \"jumlah_kembali\": 4, \"catatan_kondisi\": \"izinnnnn\", \"kondisi_kembali\": \"Hilang\", \"pengembalian_id\": 4}', '127.0.0.1', 'Mozilla/5.0 (Windows NT 10.0; Win64; x64) AppleWebKit/537.36 (KHTML, like Gecko) Chrome/143.0.0.0 Safari/537.36', '2026-02-20 09:44:36', '2026-02-20 09:44:36'),
(90, 2, 'UPDATE', 'Peminjaman', 14, 'Mengubah data pada Peminjaman', '{\"status\": \"Menunggu_Verifikasi_Kembali\", \"updated_at\": \"2026-02-20T09:43:27.000000Z\", \"tanggal_kembali_real\": null}', '{\"status\": \"Kembali\", \"updated_at\": \"2026-02-20 09:44:36\", \"tanggal_kembali_real\": \"2026-02-20 00:00:00\"}', '127.0.0.1', 'Mozilla/5.0 (Windows NT 10.0; Win64; x64) AppleWebKit/537.36 (KHTML, like Gecko) Chrome/143.0.0.0 Safari/537.36', '2026-02-20 09:44:36', '2026-02-20 09:44:36'),
(91, 3, 'UPDATE', 'Pengembalian', 4, 'Mengubah data pada Pengembalian', '{\"updated_at\": \"2026-02-20T09:44:36.000000Z\", \"tanggal_bayar\": null, \"status_pembayaran\": \"Belum_Lunas\"}', '{\"updated_at\": \"2026-02-20 09:54:09\", \"tanggal_bayar\": \"2026-02-20 09:54:09\", \"status_pembayaran\": \"Lunas\"}', '127.0.0.1', 'Mozilla/5.0 (Windows NT 10.0; Win64; x64) AppleWebKit/537.36 (KHTML, like Gecko) Chrome/143.0.0.0 Safari/537.36', '2026-02-20 09:54:09', '2026-02-20 09:54:09'),
(92, 1, 'UPDATE', 'Alat', 21, 'Mengubah data pada Alat', '{\"gambar\": \"01KH8072XEPM40S0TJQ0V062K8.jpg\", \"updated_at\": \"2026-02-20T09:44:36.000000Z\"}', '{\"gambar\": \"alat-gambar/01KH8072XEPM40S0TJQ0V062K8.jpg\", \"updated_at\": \"2026-02-21 09:39:07\"}', '127.0.0.1', 'Symfony', '2026-02-21 09:39:07', '2026-02-21 09:39:07'),
(93, 3, 'INSERT', 'Peminjaman', 15, 'Menambahkan data baru pada Peminjaman', NULL, '{\"id\": 15, \"status\": \"Menunggu\", \"user_id\": 3, \"keperluan\": \"kepo bgt \", \"created_at\": \"2026-04-06 00:06:40\", \"updated_at\": \"2026-04-06 00:06:40\", \"tanggal_pinjam\": \"2026-04-06 00:00:00\", \"nomor_peminjaman\": \"P-1775434000\", \"tanggal_kembali_rencana\": \"2026-04-07 00:00:00\"}', '127.0.0.1', 'Mozilla/5.0 (Windows NT 10.0; Win64; x64) AppleWebKit/537.36 (KHTML, like Gecko) Chrome/143.0.0.0 Safari/537.36', '2026-04-06 00:06:40', '2026-04-06 00:06:40'),
(94, 3, 'INSERT', 'PeminjamanAlat', 10, 'Menambahkan data baru pada PeminjamanAlat', NULL, '{\"id\": 10, \"jumlah\": 3, \"alat_id\": 21, \"created_at\": \"2026-04-06 00:06:40\", \"updated_at\": \"2026-04-06 00:06:40\", \"peminjaman_id\": 15}', '127.0.0.1', 'Mozilla/5.0 (Windows NT 10.0; Win64; x64) AppleWebKit/537.36 (KHTML, like Gecko) Chrome/143.0.0.0 Safari/537.36', '2026-04-06 00:06:40', '2026-04-06 00:06:40'),
(95, 2, 'UPDATE', 'Alat', 21, 'Mengubah data pada Alat', '{\"stok\": 25}', '{\"stok\": 22}', '127.0.0.1', 'Mozilla/5.0 (Windows NT 10.0; Win64; x64) AppleWebKit/537.36 (KHTML, like Gecko) Chrome/143.0.0.0 Safari/537.36', '2026-04-06 00:07:22', '2026-04-06 00:07:22'),
(96, 2, 'UPDATE', 'Peminjaman', 15, 'Mengubah data pada Peminjaman', '{\"status\": \"Menunggu\", \"updated_at\": \"2026-04-06T00:06:40.000000Z\", \"approved_at\": null, \"approved_by\": null}', '{\"status\": \"Disetujui\", \"updated_at\": \"2026-04-06 00:07:22\", \"approved_at\": \"2026-04-06T00:07:22.305135Z\", \"approved_by\": 2}', '127.0.0.1', 'Mozilla/5.0 (Windows NT 10.0; Win64; x64) AppleWebKit/537.36 (KHTML, like Gecko) Chrome/143.0.0.0 Safari/537.36', '2026-04-06 00:07:22', '2026-04-06 00:07:22'),
(97, 3, 'UPDATE', 'Peminjaman', 15, 'Mengubah data pada Peminjaman', '{\"status\": \"Disetujui\", \"updated_at\": \"2026-04-06T00:07:22.000000Z\"}', '{\"status\": \"Menunggu_Verifikasi_Kembali\", \"updated_at\": \"2026-04-06 00:08:51\"}', '127.0.0.1', 'Mozilla/5.0 (Windows NT 10.0; Win64; x64) AppleWebKit/537.36 (KHTML, like Gecko) Chrome/143.0.0.0 Safari/537.36', '2026-04-06 00:08:51', '2026-04-06 00:08:51'),
(98, 2, 'UPDATE', 'Alat', 21, 'Mengubah data pada Alat', '{\"stok\": 22}', '{\"stok\": 25}', '127.0.0.1', 'Mozilla/5.0 (Windows NT 10.0; Win64; x64) AppleWebKit/537.36 (KHTML, like Gecko) Chrome/143.0.0.0 Safari/537.36', '2026-04-06 00:10:17', '2026-04-06 00:10:17'),
(99, 2, 'INSERT', 'Pengembalian', 5, 'Menambahkan data baru pada Pengembalian', NULL, '{\"id\": 5, \"created_at\": \"2026-04-06 00:10:17\", \"petugas_id\": 2, \"updated_at\": \"2026-04-06 00:10:17\", \"total_denda\": 24000000, \"peminjaman_id\": 15, \"hari_terlambat\": 0, \"denda_kerusakan\": 24000000, \"denda_kehilangan\": 0, \"status_pembayaran\": \"Belum_Lunas\", \"nomor_pengembalian\": \"RET-1775434217\", \"denda_keterlambatan\": 0, \"catatan_pengembalian\": null, \"tanggal_kembali_real\": \"2026-04-06 00:00:00\"}', '127.0.0.1', 'Mozilla/5.0 (Windows NT 10.0; Win64; x64) AppleWebKit/537.36 (KHTML, like Gecko) Chrome/143.0.0.0 Safari/537.36', '2026-04-06 00:10:17', '2026-04-06 00:10:17'),
(100, 2, 'INSERT', 'PengembalianDetail', 5, 'Menambahkan data baru pada PengembalianDetail', NULL, '{\"id\": 5, \"alat_id\": 21, \"created_at\": \"2026-04-06 00:10:17\", \"denda_item\": 24000000, \"updated_at\": \"2026-04-06 00:10:17\", \"jumlah_kembali\": 3, \"catatan_kondisi\": null, \"kondisi_kembali\": \"Rusak\", \"pengembalian_id\": 5}', '127.0.0.1', 'Mozilla/5.0 (Windows NT 10.0; Win64; x64) AppleWebKit/537.36 (KHTML, like Gecko) Chrome/143.0.0.0 Safari/537.36', '2026-04-06 00:10:17', '2026-04-06 00:10:17'),
(101, 2, 'UPDATE', 'Peminjaman', 15, 'Mengubah data pada Peminjaman', '{\"status\": \"Menunggu_Verifikasi_Kembali\", \"updated_at\": \"2026-04-06T00:08:51.000000Z\", \"tanggal_kembali_real\": null}', '{\"status\": \"Kembali\", \"updated_at\": \"2026-04-06 00:10:17\", \"tanggal_kembali_real\": \"2026-04-06 00:00:00\"}', '127.0.0.1', 'Mozilla/5.0 (Windows NT 10.0; Win64; x64) AppleWebKit/537.36 (KHTML, like Gecko) Chrome/143.0.0.0 Safari/537.36', '2026-04-06 00:10:17', '2026-04-06 00:10:17'),
(102, 2, 'UPDATE', 'Pengembalian', 5, 'Mengubah data pada Pengembalian', '{\"updated_at\": \"2026-04-06T00:10:17.000000Z\", \"tanggal_bayar\": null, \"status_pembayaran\": \"Belum_Lunas\"}', '{\"updated_at\": \"2026-04-06 00:45:25\", \"tanggal_bayar\": \"2026-04-06 00:45:25\", \"status_pembayaran\": \"Lunas\"}', '127.0.0.1', 'Mozilla/5.0 (Windows NT 10.0; Win64; x64) AppleWebKit/537.36 (KHTML, like Gecko) Chrome/143.0.0.0 Safari/537.36', '2026-04-06 00:45:25', '2026-04-06 00:45:25'),
(103, 3, 'INSERT', 'Peminjaman', 16, 'Menambahkan data baru pada Peminjaman', NULL, '{\"id\": 16, \"status\": \"Menunggu\", \"user_id\": 3, \"keperluan\": \"ngoding\", \"created_at\": \"2026-04-06 00:50:13\", \"updated_at\": \"2026-04-06 00:50:13\", \"tanggal_pinjam\": \"2026-04-06 00:00:00\", \"nomor_peminjaman\": \"P-1775436613\", \"tanggal_kembali_rencana\": \"2026-04-07 00:00:00\"}', '127.0.0.1', 'Mozilla/5.0 (Windows NT 10.0; Win64; x64) AppleWebKit/537.36 (KHTML, like Gecko) Chrome/143.0.0.0 Safari/537.36', '2026-04-06 00:50:13', '2026-04-06 00:50:13'),
(104, 3, 'INSERT', 'PeminjamanAlat', 11, 'Menambahkan data baru pada PeminjamanAlat', NULL, '{\"id\": 11, \"jumlah\": 15, \"alat_id\": 21, \"created_at\": \"2026-04-06 00:50:13\", \"updated_at\": \"2026-04-06 00:50:13\", \"peminjaman_id\": 16}', '127.0.0.1', 'Mozilla/5.0 (Windows NT 10.0; Win64; x64) AppleWebKit/537.36 (KHTML, like Gecko) Chrome/143.0.0.0 Safari/537.36', '2026-04-06 00:50:13', '2026-04-06 00:50:13'),
(105, 2, 'UPDATE', 'Alat', 21, 'Mengubah data pada Alat', '{\"stok\": 25}', '{\"stok\": 10}', '127.0.0.1', 'Mozilla/5.0 (Windows NT 10.0; Win64; x64) AppleWebKit/537.36 (KHTML, like Gecko) Chrome/143.0.0.0 Safari/537.36', '2026-04-06 00:51:47', '2026-04-06 00:51:47'),
(106, 2, 'UPDATE', 'Peminjaman', 16, 'Mengubah data pada Peminjaman', '{\"status\": \"Menunggu\", \"updated_at\": \"2026-04-06T00:50:13.000000Z\", \"approved_at\": null, \"approved_by\": null}', '{\"status\": \"Disetujui\", \"updated_at\": \"2026-04-06 00:51:47\", \"approved_at\": \"2026-04-06T00:51:47.887283Z\", \"approved_by\": 2}', '127.0.0.1', 'Mozilla/5.0 (Windows NT 10.0; Win64; x64) AppleWebKit/537.36 (KHTML, like Gecko) Chrome/143.0.0.0 Safari/537.36', '2026-04-06 00:51:47', '2026-04-06 00:51:47'),
(107, 3, 'UPDATE', 'Peminjaman', 16, 'Mengubah data pada Peminjaman', '{\"status\": \"Disetujui\", \"updated_at\": \"2026-04-06T00:51:47.000000Z\"}', '{\"status\": \"Menunggu_Verifikasi_Kembali\", \"updated_at\": \"2026-04-06 00:52:54\"}', '127.0.0.1', 'Mozilla/5.0 (Windows NT 10.0; Win64; x64) AppleWebKit/537.36 (KHTML, like Gecko) Chrome/143.0.0.0 Safari/537.36', '2026-04-06 00:52:54', '2026-04-06 00:52:54'),
(108, 2, 'UPDATE', 'Alat', 21, 'Mengubah data pada Alat', '{\"stok\": 10}', '{\"stok\": 25}', '127.0.0.1', 'Mozilla/5.0 (Windows NT 10.0; Win64; x64) AppleWebKit/537.36 (KHTML, like Gecko) Chrome/143.0.0.0 Safari/537.36', '2026-04-06 00:55:16', '2026-04-06 00:55:16'),
(109, 2, 'INSERT', 'Pengembalian', 6, 'Menambahkan data baru pada Pengembalian', NULL, '{\"id\": 6, \"created_at\": \"2026-04-06 00:55:16\", \"petugas_id\": 2, \"updated_at\": \"2026-04-06 00:55:16\", \"total_denda\": 240025000, \"peminjaman_id\": 16, \"hari_terlambat\": 0, \"denda_kerusakan\": 0, \"denda_kehilangan\": 240025000, \"status_pembayaran\": \"Belum_Lunas\", \"nomor_pengembalian\": \"RET-1775436916\", \"denda_keterlambatan\": 0, \"catatan_pengembalian\": null, \"tanggal_kembali_real\": \"2026-04-06 00:00:00\"}', '127.0.0.1', 'Mozilla/5.0 (Windows NT 10.0; Win64; x64) AppleWebKit/537.36 (KHTML, like Gecko) Chrome/143.0.0.0 Safari/537.36', '2026-04-06 00:55:16', '2026-04-06 00:55:16'),
(110, 2, 'INSERT', 'PengembalianDetail', 6, 'Menambahkan data baru pada PengembalianDetail', NULL, '{\"id\": 6, \"alat_id\": 21, \"created_at\": \"2026-04-06 00:55:16\", \"denda_item\": 240025000, \"updated_at\": \"2026-04-06 00:55:16\", \"jumlah_kembali\": 15, \"catatan_kondisi\": \"d\", \"kondisi_kembali\": \"Hilang\", \"pengembalian_id\": 6}', '127.0.0.1', 'Mozilla/5.0 (Windows NT 10.0; Win64; x64) AppleWebKit/537.36 (KHTML, like Gecko) Chrome/143.0.0.0 Safari/537.36', '2026-04-06 00:55:16', '2026-04-06 00:55:16'),
(111, 2, 'UPDATE', 'Peminjaman', 16, 'Mengubah data pada Peminjaman', '{\"status\": \"Menunggu_Verifikasi_Kembali\", \"updated_at\": \"2026-04-06T00:52:54.000000Z\", \"tanggal_kembali_real\": null}', '{\"status\": \"Kembali\", \"updated_at\": \"2026-04-06 00:55:16\", \"tanggal_kembali_real\": \"2026-04-06 00:00:00\"}', '127.0.0.1', 'Mozilla/5.0 (Windows NT 10.0; Win64; x64) AppleWebKit/537.36 (KHTML, like Gecko) Chrome/143.0.0.0 Safari/537.36', '2026-04-06 00:55:16', '2026-04-06 00:55:16'),
(112, 3, 'UPDATE', 'Pengembalian', 6, 'Mengubah data pada Pengembalian', '{\"updated_at\": \"2026-04-06T00:55:16.000000Z\", \"tanggal_bayar\": null, \"status_pembayaran\": \"Belum_Lunas\"}', '{\"updated_at\": \"2026-04-06 01:12:52\", \"tanggal_bayar\": \"2026-04-06 01:12:52\", \"status_pembayaran\": \"Lunas\"}', '127.0.0.1', 'Mozilla/5.0 (Windows NT 10.0; Win64; x64) AppleWebKit/537.36 (KHTML, like Gecko) Chrome/143.0.0.0 Safari/537.36', '2026-04-06 01:12:52', '2026-04-06 01:12:52'),
(113, 3, 'INSERT', 'Peminjaman', 17, 'Menambahkan data baru pada Peminjaman', NULL, '{\"id\": 17, \"status\": \"Menunggu\", \"user_id\": 3, \"keperluan\": \"ngoding\", \"created_at\": \"2026-04-08 01:13:49\", \"updated_at\": \"2026-04-08 01:13:49\", \"tanggal_pinjam\": \"2026-04-08 00:00:00\", \"nomor_peminjaman\": \"P-1775610829\", \"tanggal_kembali_rencana\": \"2026-04-09 00:00:00\"}', '127.0.0.1', 'Mozilla/5.0 (Windows NT 10.0; Win64; x64) AppleWebKit/537.36 (KHTML, like Gecko) Chrome/143.0.0.0 Safari/537.36', '2026-04-08 01:13:49', '2026-04-08 01:13:49'),
(114, 3, 'INSERT', 'PeminjamanAlat', 12, 'Menambahkan data baru pada PeminjamanAlat', NULL, '{\"id\": 12, \"jumlah\": 1, \"alat_id\": 21, \"created_at\": \"2026-04-08 01:13:49\", \"updated_at\": \"2026-04-08 01:13:49\", \"peminjaman_id\": 17}', '127.0.0.1', 'Mozilla/5.0 (Windows NT 10.0; Win64; x64) AppleWebKit/537.36 (KHTML, like Gecko) Chrome/143.0.0.0 Safari/537.36', '2026-04-08 01:13:49', '2026-04-08 01:13:49'),
(115, 2, 'UPDATE', 'Alat', 21, 'Mengubah data pada Alat', '{\"stok\": 25}', '{\"stok\": 24}', '127.0.0.1', 'Mozilla/5.0 (Windows NT 10.0; Win64; x64) AppleWebKit/537.36 (KHTML, like Gecko) Chrome/143.0.0.0 Safari/537.36', '2026-04-08 01:14:40', '2026-04-08 01:14:40'),
(116, 2, 'UPDATE', 'Peminjaman', 17, 'Mengubah data pada Peminjaman', '{\"status\": \"Menunggu\", \"updated_at\": \"2026-04-08T01:13:49.000000Z\", \"approved_at\": null, \"approved_by\": null}', '{\"status\": \"Disetujui\", \"updated_at\": \"2026-04-08 01:14:40\", \"approved_at\": \"2026-04-08T01:14:40.427998Z\", \"approved_by\": 2}', '127.0.0.1', 'Mozilla/5.0 (Windows NT 10.0; Win64; x64) AppleWebKit/537.36 (KHTML, like Gecko) Chrome/143.0.0.0 Safari/537.36', '2026-04-08 01:14:40', '2026-04-08 01:14:40'),
(117, 3, 'UPDATE', 'Peminjaman', 17, 'Mengubah data pada Peminjaman', '{\"status\": \"Disetujui\", \"updated_at\": \"2026-04-08T01:14:40.000000Z\"}', '{\"status\": \"Menunggu_Verifikasi_Kembali\", \"updated_at\": \"2026-04-08 01:15:54\"}', '127.0.0.1', 'Mozilla/5.0 (Windows NT 10.0; Win64; x64) AppleWebKit/537.36 (KHTML, like Gecko) Chrome/143.0.0.0 Safari/537.36', '2026-04-08 01:15:54', '2026-04-08 01:15:54'),
(118, 2, 'UPDATE', 'Alat', 21, 'Mengubah data pada Alat', '{\"stok\": 24}', '{\"stok\": 25}', '127.0.0.1', 'Mozilla/5.0 (Windows NT 10.0; Win64; x64) AppleWebKit/537.36 (KHTML, like Gecko) Chrome/143.0.0.0 Safari/537.36', '2026-04-08 01:17:19', '2026-04-08 01:17:19'),
(119, 2, 'INSERT', 'Pengembalian', 7, 'Menambahkan data baru pada Pengembalian', NULL, '{\"id\": 7, \"created_at\": \"2026-04-08 01:17:19\", \"petugas_id\": 2, \"updated_at\": \"2026-04-08 01:17:19\", \"total_denda\": 8000000, \"peminjaman_id\": 17, \"hari_terlambat\": 0, \"denda_kerusakan\": 8000000, \"denda_kehilangan\": 0, \"status_pembayaran\": \"Belum_Lunas\", \"nomor_pengembalian\": \"RET-1775611039\", \"denda_keterlambatan\": 0, \"catatan_pengembalian\": null, \"tanggal_kembali_real\": \"2026-04-08 00:00:00\"}', '127.0.0.1', 'Mozilla/5.0 (Windows NT 10.0; Win64; x64) AppleWebKit/537.36 (KHTML, like Gecko) Chrome/143.0.0.0 Safari/537.36', '2026-04-08 01:17:19', '2026-04-08 01:17:19'),
(120, 2, 'INSERT', 'PengembalianDetail', 7, 'Menambahkan data baru pada PengembalianDetail', NULL, '{\"id\": 7, \"alat_id\": 21, \"created_at\": \"2026-04-08 01:17:19\", \"denda_item\": 8000000, \"updated_at\": \"2026-04-08 01:17:19\", \"jumlah_kembali\": 1, \"catatan_kondisi\": null, \"kondisi_kembali\": \"Rusak\", \"pengembalian_id\": 7}', '127.0.0.1', 'Mozilla/5.0 (Windows NT 10.0; Win64; x64) AppleWebKit/537.36 (KHTML, like Gecko) Chrome/143.0.0.0 Safari/537.36', '2026-04-08 01:17:19', '2026-04-08 01:17:19'),
(121, 2, 'UPDATE', 'Peminjaman', 17, 'Mengubah data pada Peminjaman', '{\"status\": \"Menunggu_Verifikasi_Kembali\", \"updated_at\": \"2026-04-08T01:15:54.000000Z\", \"tanggal_kembali_real\": null}', '{\"status\": \"Kembali\", \"updated_at\": \"2026-04-08 01:17:19\", \"tanggal_kembali_real\": \"2026-04-08 00:00:00\"}', '127.0.0.1', 'Mozilla/5.0 (Windows NT 10.0; Win64; x64) AppleWebKit/537.36 (KHTML, like Gecko) Chrome/143.0.0.0 Safari/537.36', '2026-04-08 01:17:19', '2026-04-08 01:17:19'),
(122, 3, 'UPDATE', 'Pengembalian', 7, 'Mengubah data pada Pengembalian', '{\"updated_at\": \"2026-04-08T01:17:19.000000Z\", \"tanggal_bayar\": null, \"status_pembayaran\": \"Belum_Lunas\"}', '{\"updated_at\": \"2026-04-08 01:19:17\", \"tanggal_bayar\": \"2026-04-08 08:17:44\", \"status_pembayaran\": \"Lunas\"}', '127.0.0.1', 'Mozilla/5.0 (Windows NT 10.0; Win64; x64) AppleWebKit/537.36 (KHTML, like Gecko) Chrome/143.0.0.0 Safari/537.36', '2026-04-08 01:19:17', '2026-04-08 01:19:17'),
(123, 3, 'INSERT', 'Peminjaman', 18, 'Menambahkan data baru pada Peminjaman', NULL, '{\"id\": 18, \"status\": \"Menunggu\", \"user_id\": 3, \"keperluan\": \"ngoding\", \"created_at\": \"2026-04-08 02:39:48\", \"updated_at\": \"2026-04-08 02:39:48\", \"tanggal_pinjam\": \"2026-04-08 00:00:00\", \"nomor_peminjaman\": \"P-1775615988\", \"tanggal_kembali_rencana\": \"2026-04-09 00:00:00\"}', '127.0.0.1', 'Mozilla/5.0 (Windows NT 10.0; Win64; x64) AppleWebKit/537.36 (KHTML, like Gecko) Chrome/143.0.0.0 Safari/537.36', '2026-04-08 02:39:48', '2026-04-08 02:39:48'),
(124, 3, 'INSERT', 'PeminjamanAlat', 13, 'Menambahkan data baru pada PeminjamanAlat', NULL, '{\"id\": 13, \"jumlah\": 10, \"alat_id\": 21, \"created_at\": \"2026-04-08 02:39:48\", \"updated_at\": \"2026-04-08 02:39:48\", \"peminjaman_id\": 18}', '127.0.0.1', 'Mozilla/5.0 (Windows NT 10.0; Win64; x64) AppleWebKit/537.36 (KHTML, like Gecko) Chrome/143.0.0.0 Safari/537.36', '2026-04-08 02:39:48', '2026-04-08 02:39:48'),
(125, 2, 'UPDATE', 'Alat', 21, 'Mengubah data pada Alat', '{\"stok\": 25}', '{\"stok\": 15}', '127.0.0.1', 'Mozilla/5.0 (Windows NT 10.0; Win64; x64) AppleWebKit/537.36 (KHTML, like Gecko) Chrome/143.0.0.0 Safari/537.36', '2026-04-08 02:40:41', '2026-04-08 02:40:41'),
(126, 2, 'UPDATE', 'Peminjaman', 18, 'Mengubah data pada Peminjaman', '{\"status\": \"Menunggu\", \"updated_at\": \"2026-04-08T02:39:48.000000Z\", \"approved_at\": null, \"approved_by\": null}', '{\"status\": \"Disetujui\", \"updated_at\": \"2026-04-08 02:40:41\", \"approved_at\": \"2026-04-08T02:40:41.581944Z\", \"approved_by\": 2}', '127.0.0.1', 'Mozilla/5.0 (Windows NT 10.0; Win64; x64) AppleWebKit/537.36 (KHTML, like Gecko) Chrome/143.0.0.0 Safari/537.36', '2026-04-08 02:40:41', '2026-04-08 02:40:41'),
(127, 3, 'UPDATE', 'Peminjaman', 18, 'Mengubah data pada Peminjaman', '{\"status\": \"Disetujui\", \"updated_at\": \"2026-04-08T02:40:41.000000Z\"}', '{\"status\": \"Menunggu_Verifikasi_Kembali\", \"updated_at\": \"2026-04-08 02:41:29\"}', '127.0.0.1', 'Mozilla/5.0 (Windows NT 10.0; Win64; x64) AppleWebKit/537.36 (KHTML, like Gecko) Chrome/143.0.0.0 Safari/537.36', '2026-04-08 02:41:29', '2026-04-08 02:41:29'),
(128, 2, 'UPDATE', 'Alat', 21, 'Mengubah data pada Alat', '{\"stok\": 15}', '{\"stok\": 25}', '127.0.0.1', 'Mozilla/5.0 (Windows NT 10.0; Win64; x64) AppleWebKit/537.36 (KHTML, like Gecko) Chrome/143.0.0.0 Safari/537.36', '2026-04-08 02:42:35', '2026-04-08 02:42:35'),
(129, 2, 'INSERT', 'Pengembalian', 8, 'Menambahkan data baru pada Pengembalian', NULL, '{\"id\": 8, \"created_at\": \"2026-04-08 02:42:35\", \"petugas_id\": 2, \"updated_at\": \"2026-04-08 02:42:35\", \"total_denda\": 160025000, \"peminjaman_id\": 18, \"hari_terlambat\": 0, \"denda_kerusakan\": 0, \"denda_kehilangan\": 160025000, \"status_pembayaran\": \"Belum_Lunas\", \"nomor_pengembalian\": \"RET-1775616155\", \"denda_keterlambatan\": 0, \"catatan_pengembalian\": null, \"tanggal_kembali_real\": \"2026-04-08 00:00:00\"}', '127.0.0.1', 'Mozilla/5.0 (Windows NT 10.0; Win64; x64) AppleWebKit/537.36 (KHTML, like Gecko) Chrome/143.0.0.0 Safari/537.36', '2026-04-08 02:42:35', '2026-04-08 02:42:35'),
(130, 2, 'INSERT', 'PengembalianDetail', 8, 'Menambahkan data baru pada PengembalianDetail', NULL, '{\"id\": 8, \"alat_id\": 21, \"created_at\": \"2026-04-08 02:42:35\", \"denda_item\": 160025000, \"updated_at\": \"2026-04-08 02:42:35\", \"jumlah_kembali\": 10, \"catatan_kondisi\": \"ilang\", \"kondisi_kembali\": \"Hilang\", \"pengembalian_id\": 8}', '127.0.0.1', 'Mozilla/5.0 (Windows NT 10.0; Win64; x64) AppleWebKit/537.36 (KHTML, like Gecko) Chrome/143.0.0.0 Safari/537.36', '2026-04-08 02:42:35', '2026-04-08 02:42:35'),
(131, 2, 'UPDATE', 'Peminjaman', 18, 'Mengubah data pada Peminjaman', '{\"status\": \"Menunggu_Verifikasi_Kembali\", \"updated_at\": \"2026-04-08T02:41:29.000000Z\", \"tanggal_kembali_real\": null}', '{\"status\": \"Kembali\", \"updated_at\": \"2026-04-08 02:42:35\", \"tanggal_kembali_real\": \"2026-04-08 00:00:00\"}', '127.0.0.1', 'Mozilla/5.0 (Windows NT 10.0; Win64; x64) AppleWebKit/537.36 (KHTML, like Gecko) Chrome/143.0.0.0 Safari/537.36', '2026-04-08 02:42:35', '2026-04-08 02:42:35'),
(132, 2, 'UPDATE', 'Pengembalian', 8, 'Mengubah data pada Pengembalian', '{\"updated_at\": \"2026-04-08T02:42:35.000000Z\", \"tanggal_bayar\": null, \"status_pembayaran\": \"Belum_Lunas\"}', '{\"updated_at\": \"2026-04-08 02:44:21\", \"tanggal_bayar\": \"2026-04-08 02:44:21\", \"status_pembayaran\": \"Lunas\"}', '127.0.0.1', 'Mozilla/5.0 (Windows NT 10.0; Win64; x64) AppleWebKit/537.36 (KHTML, like Gecko) Chrome/143.0.0.0 Safari/537.36', '2026-04-08 02:44:21', '2026-04-08 02:44:21'),
(133, 1, 'INSERT', 'Alat', 22, 'Menambahkan data baru pada Alat', NULL, '{\"id\": 22, \"stok\": 20, \"gambar\": \"alat-gambar/01KPND13FER0AHZFS888RN4VNH.png\", \"kode_alat\": \"ALT-022\", \"nama_alat\": \"Macbook Pro M2\", \"created_at\": \"2026-04-20 12:14:47\", \"updated_at\": \"2026-04-20 12:14:47\", \"kategori_id\": 6, \"spesifikasi\": \"MASIH BAGUS BARU DAN MANTAP\", \"harga_satuan\": 25000000, \"kondisi_awal\": \"Baik\"}', '127.0.0.1', 'Mozilla/5.0 (Windows NT 10.0; Win64; x64) AppleWebKit/537.36 (KHTML, like Gecko) Chrome/143.0.0.0 Safari/537.36', '2026-04-20 12:14:47', '2026-04-20 12:14:47'),
(134, 1, 'UPDATE', 'Alat', 22, 'Mengubah data pada Alat', '{\"gambar\": \"alat-gambar/01KPND13FER0AHZFS888RN4VNH.png\", \"updated_at\": \"2026-04-20T12:14:47.000000Z\", \"harga_satuan\": \"25000000.00\"}', '{\"gambar\": \"alat-gambar/01KPND72Z8BEJH1JK2KPRTTGG3.png\", \"updated_at\": \"2026-04-20 12:18:03\", \"harga_satuan\": 25000000}', '127.0.0.1', 'Mozilla/5.0 (Windows NT 10.0; Win64; x64) AppleWebKit/537.36 (KHTML, like Gecko) Chrome/143.0.0.0 Safari/537.36', '2026-04-20 12:18:03', '2026-04-20 12:18:03');

DROP TABLE IF EXISTS `migrations`;
CREATE TABLE `migrations` (
  `id` int unsigned NOT NULL AUTO_INCREMENT,
  `migration` varchar(255) COLLATE utf8mb4_unicode_ci NOT NULL,
  `batch` int NOT NULL,
  PRIMARY KEY (`id`)
) ENGINE=InnoDB AUTO_INCREMENT=14 DEFAULT CHARSET=utf8mb4 COLLATE=utf8mb4_unicode_ci;

INSERT INTO `migrations` VALUES 
(1, '0001_01_01_000000_create_users_table', 1),
(2, '0001_01_01_000001_create_cache_table', 1),
(3, '0001_01_01_000002_create_jobs_table', 1),
(4, '2026_02_03_113637_create_kategoris_table', 1),
(5, '2026_02_03_113638_create_alats_table', 1),
(6, '2026_02_03_113639_create_peminjamans_table', 1),
(7, '2026_02_03_113640_create_peminjaman_alats_table', 1),
(8, '2026_02_03_113643_create_pengembalians_table', 1),
(9, '2026_02_03_115324_create_pengembalian_details_table', 1),
(10, '2026_02_03_115546_create_log_aktivitas_table', 1),
(11, '2026_02_10_020504_create_notifications_table', 1),
(12, '2026_02_10_120032_create_payments_table', 1),
(13, '2026_02_10_120255_create_personal_access_tokens_table', 1);

DROP TABLE IF EXISTS `notifications`;
CREATE TABLE `notifications` (
  `id` char(36) COLLATE utf8mb4_unicode_ci NOT NULL,
  `type` varchar(255) COLLATE utf8mb4_unicode_ci NOT NULL,
  `notifiable_type` varchar(255) COLLATE utf8mb4_unicode_ci NOT NULL,
  `notifiable_id` bigint unsigned NOT NULL,
  `data` text COLLATE utf8mb4_unicode_ci NOT NULL,
  `read_at` timestamp NULL DEFAULT NULL,
  `created_at` timestamp NULL DEFAULT NULL,
  `updated_at` timestamp NULL DEFAULT NULL,
  PRIMARY KEY (`id`),
  KEY `notifications_notifiable_type_notifiable_id_index` (`notifiable_type`,`notifiable_id`)
) ENGINE=InnoDB DEFAULT CHARSET=utf8mb4 COLLATE=utf8mb4_unicode_ci;

INSERT INTO `notifications` VALUES 
('02726a6f-4294-49a7-a2f2-c4849934957b', 'Filament\\Notifications\\DatabaseNotification', 'App\\Models\\User', 2, '{\"actions\":[],\"body\":\"Mahasiswa Santuy mengajukan pengembalian \\u2014 P-1770872758\",\"color\":null,\"duration\":\"persistent\",\"icon\":\"heroicon-o-arrow-uturn-left\",\"iconColor\":\"warning\",\"status\":\"warning\",\"title\":\"Pengajuan Pengembalian\",\"view\":null,\"viewData\":[],\"format\":\"filament\"}', NULL, '2026-02-12 05:06:59', '2026-02-12 05:06:59'),
('03a6d1fe-33d8-4c42-af70-5a21e709c76f', 'Filament\\Notifications\\DatabaseNotification', 'App\\Models\\User', 2, '{\"actions\":[],\"body\":\"Mahasiswa Santuy mengajukan peminjaman \\u2014 P-1775434000\",\"color\":null,\"duration\":\"persistent\",\"icon\":\"heroicon-o-inbox-arrow-down\",\"iconColor\":\"info\",\"status\":\"info\",\"title\":\"Peminjaman Baru\",\"view\":null,\"viewData\":[],\"format\":\"filament\"}', NULL, '2026-04-06 00:06:40', '2026-04-06 00:06:40'),
('082a75af-9edf-4e5d-88be-3321f41ad82d', 'Filament\\Notifications\\DatabaseNotification', 'App\\Models\\User', 1, '{\"actions\":[],\"body\":\"Mahasiswa Santuy mengajukan peminjaman \\u2014 P-1775615988\",\"color\":null,\"duration\":\"persistent\",\"icon\":\"heroicon-o-inbox-arrow-down\",\"iconColor\":\"info\",\"status\":\"info\",\"title\":\"Peminjaman Baru\",\"view\":null,\"viewData\":[],\"format\":\"filament\"}', NULL, '2026-04-08 02:39:48', '2026-04-08 02:39:48'),
('0a180d9a-ec6d-4ead-b4f5-d908698f86a4', 'Filament\\Notifications\\DatabaseNotification', 'App\\Models\\User', 2, '{\"actions\":[],\"body\":\"User 5 mengajukan peminjaman \\u2014 P-36056\",\"color\":null,\"duration\":\"persistent\",\"icon\":\"heroicon-o-inbox-arrow-down\",\"iconColor\":\"info\",\"status\":\"info\",\"title\":\"Peminjaman Baru\",\"view\":null,\"viewData\":[],\"format\":\"filament\"}', NULL, '2026-02-12 03:58:14', '2026-02-12 03:58:14'),
('129798dc-8b4f-4b0e-81ed-a98d8be99a3b', 'Filament\\Notifications\\DatabaseNotification', 'App\\Models\\User', 1, '{\"actions\":[],\"body\":\"Mahasiswa Santuy mengajukan peminjaman \\u2014 P-1775610829\",\"color\":null,\"duration\":\"persistent\",\"icon\":\"heroicon-o-inbox-arrow-down\",\"iconColor\":\"info\",\"status\":\"info\",\"title\":\"Peminjaman Baru\",\"view\":null,\"viewData\":[],\"format\":\"filament\"}', NULL, '2026-04-08 01:13:49', '2026-04-08 01:13:49'),
('1cfa0417-d069-4807-bda1-d741830821c8', 'Filament\\Notifications\\DatabaseNotification', 'App\\Models\\User', 1, '{\"actions\":[],\"body\":\"Mahasiswa Santuy mengajukan pengembalian \\u2014 P-1775436613\",\"color\":null,\"duration\":\"persistent\",\"icon\":\"heroicon-o-arrow-uturn-left\",\"iconColor\":\"warning\",\"status\":\"warning\",\"title\":\"Pengajuan Pengembalian\",\"view\":null,\"viewData\":[],\"format\":\"filament\"}', NULL, '2026-04-06 00:52:54', '2026-04-06 00:52:54'),
('1d4a0449-df1f-4fcc-ae3b-5521e1f8db6a', 'Filament\\Notifications\\DatabaseNotification', 'App\\Models\\User', 3, '{\"actions\":[],\"body\":\"Peminjaman P-1770872758 telah disetujui\",\"color\":null,\"duration\":\"persistent\",\"icon\":\"heroicon-o-check-circle\",\"iconColor\":\"success\",\"status\":\"success\",\"title\":\"Peminjaman Disetujui\",\"view\":null,\"viewData\":[],\"format\":\"filament\"}', NULL, '2026-02-12 05:06:36', '2026-02-12 05:06:36'),
('1d56e99b-16e3-4fee-91aa-b8458b0d5f60', 'Filament\\Notifications\\DatabaseNotification', 'App\\Models\\User', 1, '{\"actions\":[],\"body\":\"Mahasiswa Santuy mengajukan peminjaman \\u2014 P-1775436613\",\"color\":null,\"duration\":\"persistent\",\"icon\":\"heroicon-o-inbox-arrow-down\",\"iconColor\":\"info\",\"status\":\"info\",\"title\":\"Peminjaman Baru\",\"view\":null,\"viewData\":[],\"format\":\"filament\"}', NULL, '2026-04-06 00:50:13', '2026-04-06 00:50:13'),
('2f9de33c-29e3-4485-aa27-f6dde14b1519', 'Filament\\Notifications\\DatabaseNotification', 'App\\Models\\User', 1, '{\"actions\":[],\"body\":\"User 0 mengajukan peminjaman \\u2014 P-73795\",\"color\":null,\"duration\":\"persistent\",\"icon\":\"heroicon-o-inbox-arrow-down\",\"iconColor\":\"info\",\"status\":\"info\",\"title\":\"Peminjaman Baru\",\"view\":null,\"viewData\":[],\"format\":\"filament\"}', NULL, '2026-02-12 03:58:14', '2026-02-12 03:58:14'),
('3335f759-d025-4025-b225-490a4f1592bf', 'Filament\\Notifications\\DatabaseNotification', 'App\\Models\\User', 1, '{\"actions\":[],\"body\":\"Mahasiswa Santuy mengajukan peminjaman \\u2014 P-1771578415\",\"color\":null,\"duration\":\"persistent\",\"icon\":\"heroicon-o-inbox-arrow-down\",\"iconColor\":\"info\",\"status\":\"info\",\"title\":\"Peminjaman Baru\",\"view\":null,\"viewData\":[],\"format\":\"filament\"}', NULL, '2026-02-20 09:06:55', '2026-02-20 09:06:55'),
('36d0c873-e421-45c0-9eb3-ad73b0869df8', 'Filament\\Notifications\\DatabaseNotification', 'App\\Models\\User', 2, '{\"actions\":[],\"body\":\"Mahasiswa Santuy mengajukan pengembalian \\u2014 P-1775610829\",\"color\":null,\"duration\":\"persistent\",\"icon\":\"heroicon-o-arrow-uturn-left\",\"iconColor\":\"warning\",\"status\":\"warning\",\"title\":\"Pengajuan Pengembalian\",\"view\":null,\"viewData\":[],\"format\":\"filament\"}', NULL, '2026-04-08 01:15:54', '2026-04-08 01:15:54'),
('3a57a993-6b44-47da-abc2-6485051a657a', 'Filament\\Notifications\\DatabaseNotification', 'App\\Models\\User', 1, '{\"actions\":[],\"body\":\"Mahasiswa Santuy mengajukan peminjaman \\u2014 P-1770872758\",\"color\":null,\"duration\":\"persistent\",\"icon\":\"heroicon-o-inbox-arrow-down\",\"iconColor\":\"info\",\"status\":\"info\",\"title\":\"Peminjaman Baru\",\"view\":null,\"viewData\":[],\"format\":\"filament\"}', NULL, '2026-02-12 05:05:58', '2026-02-12 05:05:58'),
('3be00f13-20e7-4dc2-9b2f-7c09889a7d2d', 'Filament\\Notifications\\DatabaseNotification', 'App\\Models\\User', 1, '{\"actions\":[],\"body\":\"Mahasiswa Santuy mengajukan peminjaman \\u2014 P-1775434000\",\"color\":null,\"duration\":\"persistent\",\"icon\":\"heroicon-o-inbox-arrow-down\",\"iconColor\":\"info\",\"status\":\"info\",\"title\":\"Peminjaman Baru\",\"view\":null,\"viewData\":[],\"format\":\"filament\"}', NULL, '2026-04-06 00:06:40', '2026-04-06 00:06:40'),
('44e8075e-2f87-44be-a827-2a7e1d3e78d3', 'Filament\\Notifications\\DatabaseNotification', 'App\\Models\\User', 1, '{\"actions\":[],\"body\":\"User 2 mengajukan peminjaman \\u2014 P-57639\",\"color\":null,\"duration\":\"persistent\",\"icon\":\"heroicon-o-inbox-arrow-down\",\"iconColor\":\"info\",\"status\":\"info\",\"title\":\"Peminjaman Baru\",\"view\":null,\"viewData\":[],\"format\":\"filament\"}', NULL, '2026-02-12 03:58:14', '2026-02-12 03:58:14'),
('46987508-fe23-41d7-8c57-9ee1cba446a2', 'Filament\\Notifications\\DatabaseNotification', 'App\\Models\\User', 2, '{\"actions\":[],\"body\":\"Mahasiswa Santuy mengajukan peminjaman \\u2014 P-1770868997\",\"color\":null,\"duration\":\"persistent\",\"icon\":\"heroicon-o-inbox-arrow-down\",\"iconColor\":\"info\",\"status\":\"info\",\"title\":\"Peminjaman Baru\",\"view\":null,\"viewData\":[],\"format\":\"filament\"}', NULL, '2026-02-12 04:03:17', '2026-02-12 04:03:17'),
('49e373b7-a92f-4c88-969f-46f5fd6e5ad3', 'Filament\\Notifications\\DatabaseNotification', 'App\\Models\\User', 2, '{\"actions\":[],\"body\":\"Mahasiswa Santuy mengajukan pengembalian \\u2014 P-1775436613\",\"color\":null,\"duration\":\"persistent\",\"icon\":\"heroicon-o-arrow-uturn-left\",\"iconColor\":\"warning\",\"status\":\"warning\",\"title\":\"Pengajuan Pengembalian\",\"view\":null,\"viewData\":[],\"format\":\"filament\"}', NULL, '2026-04-06 00:52:54', '2026-04-06 00:52:54'),
('4a5f96d1-6056-44a6-baba-60830f6a367f', 'Filament\\Notifications\\DatabaseNotification', 'App\\Models\\User', 3, '{\"actions\":[],\"body\":\"Peminjaman P-1771580486 telah dikembalikan\",\"color\":null,\"duration\":\"persistent\",\"icon\":\"heroicon-o-check-badge\",\"iconColor\":\"success\",\"status\":\"success\",\"title\":\"Pengembalian Selesai\",\"view\":null,\"viewData\":[],\"format\":\"filament\"}', NULL, '2026-02-20 09:44:36', '2026-02-20 09:44:36'),
('4ad99ffc-2e30-4abf-b05b-1f0cf5ac942d', 'Filament\\Notifications\\DatabaseNotification', 'App\\Models\\User', 3, '{\"actions\":[],\"body\":\"Peminjaman P-1775436613 telah dikembalikan\",\"color\":null,\"duration\":\"persistent\",\"icon\":\"heroicon-o-check-badge\",\"iconColor\":\"success\",\"status\":\"success\",\"title\":\"Pengembalian Selesai\",\"view\":null,\"viewData\":[],\"format\":\"filament\"}', NULL, '2026-04-06 00:55:16', '2026-04-06 00:55:16'),
('4d897ff8-605b-4a32-89d6-fc4ac13ad7b7', 'Filament\\Notifications\\DatabaseNotification', 'App\\Models\\User', 2, '{\"actions\":[],\"body\":\"Mahasiswa Santuy mengajukan peminjaman \\u2014 P-1775436613\",\"color\":null,\"duration\":\"persistent\",\"icon\":\"heroicon-o-inbox-arrow-down\",\"iconColor\":\"info\",\"status\":\"info\",\"title\":\"Peminjaman Baru\",\"view\":null,\"viewData\":[],\"format\":\"filament\"}', NULL, '2026-04-06 00:50:13', '2026-04-06 00:50:13'),
('549d7c99-93d2-4b2c-ad77-5480d02f2f76', 'Filament\\Notifications\\DatabaseNotification', 'App\\Models\\User', 1, '{\"actions\":[],\"body\":\"User 5 mengajukan peminjaman \\u2014 P-97096\",\"color\":null,\"duration\":\"persistent\",\"icon\":\"heroicon-o-inbox-arrow-down\",\"iconColor\":\"info\",\"status\":\"info\",\"title\":\"Peminjaman Baru\",\"view\":null,\"viewData\":[],\"format\":\"filament\"}', NULL, '2026-02-12 03:58:14', '2026-02-12 03:58:14'),
('564a65ed-525a-4d9c-94c4-1825ee2c33f1', 'Filament\\Notifications\\DatabaseNotification', 'App\\Models\\User', 3, '{\"actions\":[],\"body\":\"Peminjaman P-1775610829 telah dikembalikan\",\"color\":null,\"duration\":\"persistent\",\"icon\":\"heroicon-o-check-badge\",\"iconColor\":\"success\",\"status\":\"success\",\"title\":\"Pengembalian Selesai\",\"view\":null,\"viewData\":[],\"format\":\"filament\"}', NULL, '2026-04-08 01:17:20', '2026-04-08 01:17:20'),
('571de578-3974-4561-9d3b-df58354a41ba', 'Filament\\Notifications\\DatabaseNotification', 'App\\Models\\User', 2, '{\"actions\":[],\"body\":\"Mahasiswa Santuy mengajukan pengembalian \\u2014 P-1771580486\",\"color\":null,\"duration\":\"persistent\",\"icon\":\"heroicon-o-arrow-uturn-left\",\"iconColor\":\"warning\",\"status\":\"warning\",\"title\":\"Pengajuan Pengembalian\",\"view\":null,\"viewData\":[],\"format\":\"filament\"}', NULL, '2026-02-20 09:43:27', '2026-02-20 09:43:27'),
('5f8cb7c0-dc11-4b15-acef-b02534b8b73b', 'Filament\\Notifications\\DatabaseNotification', 'App\\Models\\User', 1, '{\"actions\":[],\"body\":\"User 1 mengajukan peminjaman \\u2014 P-16955\",\"color\":null,\"duration\":\"persistent\",\"icon\":\"heroicon-o-inbox-arrow-down\",\"iconColor\":\"info\",\"status\":\"info\",\"title\":\"Peminjaman Baru\",\"view\":null,\"viewData\":[],\"format\":\"filament\"}', NULL, '2026-02-12 03:58:14', '2026-02-12 03:58:14'),
('602ce625-a8ca-4daf-83ba-4020aa0181b1', 'Filament\\Notifications\\DatabaseNotification', 'App\\Models\\User', 2, '{\"actions\":[],\"body\":\"Mahasiswa Santuy mengajukan pengembalian \\u2014 P-1775615988\",\"color\":null,\"duration\":\"persistent\",\"icon\":\"heroicon-o-arrow-uturn-left\",\"iconColor\":\"warning\",\"status\":\"warning\",\"title\":\"Pengajuan Pengembalian\",\"view\":null,\"viewData\":[],\"format\":\"filament\"}', NULL, '2026-04-08 02:41:29', '2026-04-08 02:41:29'),
('619d890a-254a-4a22-a8d1-4d88563fa18a', 'Filament\\Notifications\\DatabaseNotification', 'App\\Models\\User', 3, '{\"actions\":[],\"body\":\"Peminjaman P-1770868997 telah disetujui\",\"color\":null,\"duration\":\"persistent\",\"icon\":\"heroicon-o-check-circle\",\"iconColor\":\"success\",\"status\":\"success\",\"title\":\"Peminjaman Disetujui\",\"view\":null,\"viewData\":[],\"format\":\"filament\"}', NULL, '2026-02-12 04:03:32', '2026-02-12 04:03:32'),
('65f7d0f8-ac1d-4532-8a4a-e43090f5b3ed', 'Filament\\Notifications\\DatabaseNotification', 'App\\Models\\User', 1, '{\"actions\":[],\"body\":\"Mahasiswa Santuy mengajukan pengembalian \\u2014 P-1775434000\",\"color\":null,\"duration\":\"persistent\",\"icon\":\"heroicon-o-arrow-uturn-left\",\"iconColor\":\"warning\",\"status\":\"warning\",\"title\":\"Pengajuan Pengembalian\",\"view\":null,\"viewData\":[],\"format\":\"filament\"}', NULL, '2026-04-06 00:08:51', '2026-04-06 00:08:51'),
('67f4ccd4-6aee-4fe0-bd7d-78ebe1d5cf4c', 'Filament\\Notifications\\DatabaseNotification', 'App\\Models\\User', 2, '{\"actions\":[],\"body\":\"User 0 mengajukan peminjaman \\u2014 P-73795\",\"color\":null,\"duration\":\"persistent\",\"icon\":\"heroicon-o-inbox-arrow-down\",\"iconColor\":\"info\",\"status\":\"info\",\"title\":\"Peminjaman Baru\",\"view\":null,\"viewData\":[],\"format\":\"filament\"}', NULL, '2026-02-12 03:58:14', '2026-02-12 03:58:14'),
('7140d1d1-3891-4007-aa08-cc7a0f87cc69', 'Filament\\Notifications\\DatabaseNotification', 'App\\Models\\User', 3, '{\"actions\":[],\"body\":\"Peminjaman P-1775436613 telah disetujui\",\"color\":null,\"duration\":\"persistent\",\"icon\":\"heroicon-o-check-circle\",\"iconColor\":\"success\",\"status\":\"success\",\"title\":\"Peminjaman Disetujui\",\"view\":null,\"viewData\":[],\"format\":\"filament\"}', NULL, '2026-04-06 00:51:47', '2026-04-06 00:51:47'),
('75c33de0-86c4-4d94-acc0-7fc2bdf32a0c', 'Filament\\Notifications\\DatabaseNotification', 'App\\Models\\User', 3, '{\"actions\":[],\"body\":\"Peminjaman P-1771580486 telah disetujui\",\"color\":null,\"duration\":\"persistent\",\"icon\":\"heroicon-o-check-circle\",\"iconColor\":\"success\",\"status\":\"success\",\"title\":\"Peminjaman Disetujui\",\"view\":null,\"viewData\":[],\"format\":\"filament\"}', NULL, '2026-02-20 09:42:43', '2026-02-20 09:42:43'),
('7763b965-ab08-4c9d-bb81-99dd11df13f9', 'Filament\\Notifications\\DatabaseNotification', 'App\\Models\\User', 2, '{\"actions\":[],\"body\":\"Mahasiswa Santuy mengajukan peminjaman \\u2014 P-1771580486\",\"color\":null,\"duration\":\"persistent\",\"icon\":\"heroicon-o-inbox-arrow-down\",\"iconColor\":\"info\",\"status\":\"info\",\"title\":\"Peminjaman Baru\",\"view\":null,\"viewData\":[],\"format\":\"filament\"}', NULL, '2026-02-20 09:41:27', '2026-02-20 09:41:27'),
('78e661d4-a742-4eb5-9eaa-8fef7c60cb08', 'Filament\\Notifications\\DatabaseNotification', 'App\\Models\\User', 2, '{\"actions\":[],\"body\":\"User 2 mengajukan peminjaman \\u2014 P-57639\",\"color\":null,\"duration\":\"persistent\",\"icon\":\"heroicon-o-inbox-arrow-down\",\"iconColor\":\"info\",\"status\":\"info\",\"title\":\"Peminjaman Baru\",\"view\":null,\"viewData\":[],\"format\":\"filament\"}', NULL, '2026-02-12 03:58:14', '2026-02-12 03:58:14'),
('7f0e06c4-7fc3-47fc-b611-7cab50576a56', 'Filament\\Notifications\\DatabaseNotification', 'App\\Models\\User', 3, '{\"actions\":[],\"body\":\"Peminjaman P-1775434000 telah disetujui\",\"color\":null,\"duration\":\"persistent\",\"icon\":\"heroicon-o-check-circle\",\"iconColor\":\"success\",\"status\":\"success\",\"title\":\"Peminjaman Disetujui\",\"view\":null,\"viewData\":[],\"format\":\"filament\"}', NULL, '2026-04-06 00:07:22', '2026-04-06 00:07:22'),
('7f612d35-9182-46e5-be9b-bccd18b35870', 'Filament\\Notifications\\DatabaseNotification', 'App\\Models\\User', 1, '{\"actions\":[],\"body\":\"Mahasiswa Santuy mengajukan pengembalian \\u2014 P-1771578415\",\"color\":null,\"duration\":\"persistent\",\"icon\":\"heroicon-o-arrow-uturn-left\",\"iconColor\":\"warning\",\"status\":\"warning\",\"title\":\"Pengajuan Pengembalian\",\"view\":null,\"viewData\":[],\"format\":\"filament\"}', NULL, '2026-02-20 09:08:28', '2026-02-20 09:08:28'),
('80cc1a93-93a0-4d34-89a7-5034f836f267', 'Filament\\Notifications\\DatabaseNotification', 'App\\Models\\User', 1, '{\"actions\":[],\"body\":\"Mahasiswa Santuy mengajukan pengembalian \\u2014 P-1770868997\",\"color\":null,\"duration\":\"persistent\",\"icon\":\"heroicon-o-arrow-uturn-left\",\"iconColor\":\"warning\",\"status\":\"warning\",\"title\":\"Pengajuan Pengembalian\",\"view\":null,\"viewData\":[],\"format\":\"filament\"}', NULL, '2026-02-12 04:03:45', '2026-02-12 04:03:45'),
('878b00e6-c03b-4dcf-a2de-101c75da9350', 'Filament\\Notifications\\DatabaseNotification', 'App\\Models\\User', 1, '{\"actions\":[],\"body\":\"User 5 mengajukan peminjaman \\u2014 P-36056\",\"color\":null,\"duration\":\"persistent\",\"icon\":\"heroicon-o-inbox-arrow-down\",\"iconColor\":\"info\",\"status\":\"info\",\"title\":\"Peminjaman Baru\",\"view\":null,\"viewData\":[],\"format\":\"filament\"}', NULL, '2026-02-12 03:58:14', '2026-02-12 03:58:14'),
('8dcb051c-4a54-4d91-be26-d75ac48647e0', 'Filament\\Notifications\\DatabaseNotification', 'App\\Models\\User', 1, '{\"actions\":[],\"body\":\"Mahasiswa Santuy mengajukan pengembalian \\u2014 P-1770872758\",\"color\":null,\"duration\":\"persistent\",\"icon\":\"heroicon-o-arrow-uturn-left\",\"iconColor\":\"warning\",\"status\":\"warning\",\"title\":\"Pengajuan Pengembalian\",\"view\":null,\"viewData\":[],\"format\":\"filament\"}', NULL, '2026-02-12 05:06:59', '2026-02-12 05:06:59'),
('8e578225-7db9-4623-acc5-5774de2efafb', 'Filament\\Notifications\\DatabaseNotification', 'App\\Models\\User', 2, '{\"actions\":[],\"body\":\"Mahasiswa Santuy mengajukan peminjaman \\u2014 P-1770872758\",\"color\":null,\"duration\":\"persistent\",\"icon\":\"heroicon-o-inbox-arrow-down\",\"iconColor\":\"info\",\"status\":\"info\",\"title\":\"Peminjaman Baru\",\"view\":null,\"viewData\":[],\"format\":\"filament\"}', NULL, '2026-02-12 05:05:58', '2026-02-12 05:05:58'),
('918b4f0b-9e39-41a3-9dcc-4d765991a355', 'Filament\\Notifications\\DatabaseNotification', 'App\\Models\\User', 3, '{\"actions\":[],\"body\":\"Peminjaman P-1775615988 telah dikembalikan\",\"color\":null,\"duration\":\"persistent\",\"icon\":\"heroicon-o-check-badge\",\"iconColor\":\"success\",\"status\":\"success\",\"title\":\"Pengembalian Selesai\",\"view\":null,\"viewData\":[],\"format\":\"filament\"}', NULL, '2026-04-08 02:42:35', '2026-04-08 02:42:35'),
('92e9178e-085f-4d57-b115-f63d9f620f52', 'Filament\\Notifications\\DatabaseNotification', 'App\\Models\\User', 3, '{\"actions\":[],\"body\":\"Peminjaman P-1771578415 telah disetujui\",\"color\":null,\"duration\":\"persistent\",\"icon\":\"heroicon-o-check-circle\",\"iconColor\":\"success\",\"status\":\"success\",\"title\":\"Peminjaman Disetujui\",\"view\":null,\"viewData\":[],\"format\":\"filament\"}', NULL, '2026-02-20 09:07:39', '2026-02-20 09:07:39'),
('978eba32-853f-4fba-8c30-835b3d336b55', 'Filament\\Notifications\\DatabaseNotification', 'App\\Models\\User', 2, '{\"actions\":[],\"body\":\"Mahasiswa Santuy mengajukan peminjaman \\u2014 P-1775615988\",\"color\":null,\"duration\":\"persistent\",\"icon\":\"heroicon-o-inbox-arrow-down\",\"iconColor\":\"info\",\"status\":\"info\",\"title\":\"Peminjaman Baru\",\"view\":null,\"viewData\":[],\"format\":\"filament\"}', NULL, '2026-04-08 02:39:48', '2026-04-08 02:39:48'),
('98f60cfd-b817-4d3c-a121-fd6c0792abd5', 'Filament\\Notifications\\DatabaseNotification', 'App\\Models\\User', 1, '{\"actions\":[],\"body\":\"User 7 mengajukan peminjaman \\u2014 P-51574\",\"color\":null,\"duration\":\"persistent\",\"icon\":\"heroicon-o-inbox-arrow-down\",\"iconColor\":\"info\",\"status\":\"info\",\"title\":\"Peminjaman Baru\",\"view\":null,\"viewData\":[],\"format\":\"filament\"}', NULL, '2026-02-12 03:58:14', '2026-02-12 03:58:14'),
('998b71b5-0014-4990-a1be-e35fb5a35ccb', 'Filament\\Notifications\\DatabaseNotification', 'App\\Models\\User', 2, '{\"actions\":[],\"body\":\"Mahasiswa Santuy mengajukan peminjaman \\u2014 P-1771578415\",\"color\":null,\"duration\":\"persistent\",\"icon\":\"heroicon-o-inbox-arrow-down\",\"iconColor\":\"info\",\"status\":\"info\",\"title\":\"Peminjaman Baru\",\"view\":null,\"viewData\":[],\"format\":\"filament\"}', NULL, '2026-02-20 09:06:55', '2026-02-20 09:06:55'),
('9e3a6a83-f751-4f27-80ee-a6d5e371fa0d', 'Filament\\Notifications\\DatabaseNotification', 'App\\Models\\User', 2, '{\"actions\":[],\"body\":\"Mahasiswa Santuy mengajukan peminjaman \\u2014 P-1775610829\",\"color\":null,\"duration\":\"persistent\",\"icon\":\"heroicon-o-inbox-arrow-down\",\"iconColor\":\"info\",\"status\":\"info\",\"title\":\"Peminjaman Baru\",\"view\":null,\"viewData\":[],\"format\":\"filament\"}', NULL, '2026-04-08 01:13:49', '2026-04-08 01:13:49'),
('a1287307-ad55-4e74-a6ce-81932e994fba', 'Filament\\Notifications\\DatabaseNotification', 'App\\Models\\User', 3, '{\"actions\":[],\"body\":\"Peminjaman P-1770872758 telah dikembalikan\",\"color\":null,\"duration\":\"persistent\",\"icon\":\"heroicon-o-check-badge\",\"iconColor\":\"success\",\"status\":\"success\",\"title\":\"Pengembalian Selesai\",\"view\":null,\"viewData\":[],\"format\":\"filament\"}', NULL, '2026-02-12 05:09:14', '2026-02-12 05:09:14'),
('a4ed0b4a-82f9-4957-95d7-1e9f2d430aa9', 'Filament\\Notifications\\DatabaseNotification', 'App\\Models\\User', 2, '{\"actions\":[],\"body\":\"User 2 mengajukan peminjaman \\u2014 P-72533\",\"color\":null,\"duration\":\"persistent\",\"icon\":\"heroicon-o-inbox-arrow-down\",\"iconColor\":\"info\",\"status\":\"info\",\"title\":\"Peminjaman Baru\",\"view\":null,\"viewData\":[],\"format\":\"filament\"}', NULL, '2026-02-12 03:58:14', '2026-02-12 03:58:14'),
('ac1f61bb-8e00-4c0f-b7d8-f36153c22d06', 'Filament\\Notifications\\DatabaseNotification', 'App\\Models\\User', 1, '{\"actions\":[],\"body\":\"Mahasiswa Santuy mengajukan pengembalian \\u2014 P-1775610829\",\"color\":null,\"duration\":\"persistent\",\"icon\":\"heroicon-o-arrow-uturn-left\",\"iconColor\":\"warning\",\"status\":\"warning\",\"title\":\"Pengajuan Pengembalian\",\"view\":null,\"viewData\":[],\"format\":\"filament\"}', NULL, '2026-04-08 01:15:54', '2026-04-08 01:15:54'),
('ae70e85a-b844-42c4-85ca-79782c4233f1', 'Filament\\Notifications\\DatabaseNotification', 'App\\Models\\User', 1, '{\"actions\":[],\"body\":\"Mahasiswa Santuy mengajukan peminjaman \\u2014 P-1770868997\",\"color\":null,\"duration\":\"persistent\",\"icon\":\"heroicon-o-inbox-arrow-down\",\"iconColor\":\"info\",\"status\":\"info\",\"title\":\"Peminjaman Baru\",\"view\":null,\"viewData\":[],\"format\":\"filament\"}', NULL, '2026-02-12 04:03:17', '2026-02-12 04:03:17'),
('af5c61f4-e902-461a-a720-05a07f917086', 'Filament\\Notifications\\DatabaseNotification', 'App\\Models\\User', 1, '{\"actions\":[],\"body\":\"User 6 mengajukan peminjaman \\u2014 P-12986\",\"color\":null,\"duration\":\"persistent\",\"icon\":\"heroicon-o-inbox-arrow-down\",\"iconColor\":\"info\",\"status\":\"info\",\"title\":\"Peminjaman Baru\",\"view\":null,\"viewData\":[],\"format\":\"filament\"}', NULL, '2026-02-12 03:58:14', '2026-02-12 03:58:14'),
('b0f36bc9-38f9-4b4b-bb43-4a2f7e26379c', 'Filament\\Notifications\\DatabaseNotification', 'App\\Models\\User', 3, '{\"actions\":[],\"body\":\"Peminjaman P-1771578415 telah dikembalikan\",\"color\":null,\"duration\":\"persistent\",\"icon\":\"heroicon-o-check-badge\",\"iconColor\":\"success\",\"status\":\"success\",\"title\":\"Pengembalian Selesai\",\"view\":null,\"viewData\":[],\"format\":\"filament\"}', NULL, '2026-02-20 09:20:01', '2026-02-20 09:20:01'),
('b4c33f61-c7d4-4d92-b1a9-56c64e951fa5', 'Filament\\Notifications\\DatabaseNotification', 'App\\Models\\User', 2, '{\"actions\":[],\"body\":\"User 1 mengajukan peminjaman \\u2014 P-16955\",\"color\":null,\"duration\":\"persistent\",\"icon\":\"heroicon-o-inbox-arrow-down\",\"iconColor\":\"info\",\"status\":\"info\",\"title\":\"Peminjaman Baru\",\"view\":null,\"viewData\":[],\"format\":\"filament\"}', NULL, '2026-02-12 03:58:14', '2026-02-12 03:58:14'),
('b91d8889-aac9-45ca-8d2d-399e70266bb2', 'Filament\\Notifications\\DatabaseNotification', 'App\\Models\\User', 3, '{\"actions\":[],\"body\":\"Peminjaman P-1775434000 telah dikembalikan\",\"color\":null,\"duration\":\"persistent\",\"icon\":\"heroicon-o-check-badge\",\"iconColor\":\"success\",\"status\":\"success\",\"title\":\"Pengembalian Selesai\",\"view\":null,\"viewData\":[],\"format\":\"filament\"}', NULL, '2026-04-06 00:10:17', '2026-04-06 00:10:17'),
('bec4ed98-f924-44ce-8a41-abe7951601f2', 'Filament\\Notifications\\DatabaseNotification', 'App\\Models\\User', 2, '{\"actions\":[],\"body\":\"User 5 mengajukan peminjaman \\u2014 P-97096\",\"color\":null,\"duration\":\"persistent\",\"icon\":\"heroicon-o-inbox-arrow-down\",\"iconColor\":\"info\",\"status\":\"info\",\"title\":\"Peminjaman Baru\",\"view\":null,\"viewData\":[],\"format\":\"filament\"}', NULL, '2026-02-12 03:58:14', '2026-02-12 03:58:14'),
('c331ef1d-861d-414f-9d92-3250dfcf3f38', 'Filament\\Notifications\\DatabaseNotification', 'App\\Models\\User', 2, '{\"actions\":[],\"body\":\"User 7 mengajukan peminjaman \\u2014 P-51574\",\"color\":null,\"duration\":\"persistent\",\"icon\":\"heroicon-o-inbox-arrow-down\",\"iconColor\":\"info\",\"status\":\"info\",\"title\":\"Peminjaman Baru\",\"view\":null,\"viewData\":[],\"format\":\"filament\"}', NULL, '2026-02-12 03:58:14', '2026-02-12 03:58:14'),
('c66fb092-0135-4d13-98cf-4bdef8cd7fee', 'Filament\\Notifications\\DatabaseNotification', 'App\\Models\\User', 1, '{\"actions\":[],\"body\":\"Mahasiswa Santuy mengajukan pengembalian \\u2014 P-1775615988\",\"color\":null,\"duration\":\"persistent\",\"icon\":\"heroicon-o-arrow-uturn-left\",\"iconColor\":\"warning\",\"status\":\"warning\",\"title\":\"Pengajuan Pengembalian\",\"view\":null,\"viewData\":[],\"format\":\"filament\"}', NULL, '2026-04-08 02:41:29', '2026-04-08 02:41:29'),
('c7cc9a57-f62c-4747-9a53-34abb65be2ca', 'Filament\\Notifications\\DatabaseNotification', 'App\\Models\\User', 1, '{\"actions\":[],\"body\":\"User 8 mengajukan peminjaman \\u2014 P-65300\",\"color\":null,\"duration\":\"persistent\",\"icon\":\"heroicon-o-inbox-arrow-down\",\"iconColor\":\"info\",\"status\":\"info\",\"title\":\"Peminjaman Baru\",\"view\":null,\"viewData\":[],\"format\":\"filament\"}', NULL, '2026-02-12 03:58:14', '2026-02-12 03:58:14'),
('c7e5362d-d8ce-478c-97ab-c3fb5edfcd89', 'Filament\\Notifications\\DatabaseNotification', 'App\\Models\\User', 1, '{\"actions\":[],\"body\":\"Mahasiswa Santuy mengajukan peminjaman \\u2014 P-1771580486\",\"color\":null,\"duration\":\"persistent\",\"icon\":\"heroicon-o-inbox-arrow-down\",\"iconColor\":\"info\",\"status\":\"info\",\"title\":\"Peminjaman Baru\",\"view\":null,\"viewData\":[],\"format\":\"filament\"}', NULL, '2026-02-20 09:41:27', '2026-02-20 09:41:27'),
('c83bfe46-2f23-49bd-9c7b-8b1aa5462e06', 'Filament\\Notifications\\DatabaseNotification', 'App\\Models\\User', 1, '{\"actions\":[],\"body\":\"Mahasiswa Santuy mengajukan pengembalian \\u2014 P-1771580486\",\"color\":null,\"duration\":\"persistent\",\"icon\":\"heroicon-o-arrow-uturn-left\",\"iconColor\":\"warning\",\"status\":\"warning\",\"title\":\"Pengajuan Pengembalian\",\"view\":null,\"viewData\":[],\"format\":\"filament\"}', NULL, '2026-02-20 09:43:27', '2026-02-20 09:43:27'),
('cab758f5-a480-4c8b-8e92-ccd6d3127d17', 'Filament\\Notifications\\DatabaseNotification', 'App\\Models\\User', 3, '{\"actions\":[],\"body\":\"Peminjaman P-1775615988 telah disetujui\",\"color\":null,\"duration\":\"persistent\",\"icon\":\"heroicon-o-check-circle\",\"iconColor\":\"success\",\"status\":\"success\",\"title\":\"Peminjaman Disetujui\",\"view\":null,\"viewData\":[],\"format\":\"filament\"}', NULL, '2026-04-08 02:40:41', '2026-04-08 02:40:41'),
('cdc062c6-7059-414c-9e17-54f0e55cec6a', 'Filament\\Notifications\\DatabaseNotification', 'App\\Models\\User', 1, '{\"actions\":[],\"body\":\"User 5 mengajukan peminjaman \\u2014 P-56503\",\"color\":null,\"duration\":\"persistent\",\"icon\":\"heroicon-o-inbox-arrow-down\",\"iconColor\":\"info\",\"status\":\"info\",\"title\":\"Peminjaman Baru\",\"view\":null,\"viewData\":[],\"format\":\"filament\"}', NULL, '2026-02-12 03:58:14', '2026-02-12 03:58:14'),
('d2278779-6de4-4262-9e7b-69edf83054af', 'Filament\\Notifications\\DatabaseNotification', 'App\\Models\\User', 3, '{\"actions\":[],\"body\":\"Peminjaman P-1775610829 telah disetujui\",\"color\":null,\"duration\":\"persistent\",\"icon\":\"heroicon-o-check-circle\",\"iconColor\":\"success\",\"status\":\"success\",\"title\":\"Peminjaman Disetujui\",\"view\":null,\"viewData\":[],\"format\":\"filament\"}', NULL, '2026-04-08 01:14:40', '2026-04-08 01:14:40'),
('d2de9f9e-eec4-4c9b-9f96-41358b704e58', 'Filament\\Notifications\\DatabaseNotification', 'App\\Models\\User', 2, '{\"actions\":[],\"body\":\"User 6 mengajukan peminjaman \\u2014 P-12986\",\"color\":null,\"duration\":\"persistent\",\"icon\":\"heroicon-o-inbox-arrow-down\",\"iconColor\":\"info\",\"status\":\"info\",\"title\":\"Peminjaman Baru\",\"view\":null,\"viewData\":[],\"format\":\"filament\"}', NULL, '2026-02-12 03:58:14', '2026-02-12 03:58:14'),
('e5ed95ec-f6a5-426e-944a-d30b8988c6b8', 'Filament\\Notifications\\DatabaseNotification', 'App\\Models\\User', 2, '{\"actions\":[],\"body\":\"Mahasiswa Santuy mengajukan pengembalian \\u2014 P-1770868997\",\"color\":null,\"duration\":\"persistent\",\"icon\":\"heroicon-o-arrow-uturn-left\",\"iconColor\":\"warning\",\"status\":\"warning\",\"title\":\"Pengajuan Pengembalian\",\"view\":null,\"viewData\":[],\"format\":\"filament\"}', NULL, '2026-02-12 04:03:45', '2026-02-12 04:03:45'),
('e79dbadd-a370-4378-b046-dd5f9f88ae4b', 'Filament\\Notifications\\DatabaseNotification', 'App\\Models\\User', 2, '{\"actions\":[],\"body\":\"Mahasiswa Santuy mengajukan pengembalian \\u2014 P-1771578415\",\"color\":null,\"duration\":\"persistent\",\"icon\":\"heroicon-o-arrow-uturn-left\",\"iconColor\":\"warning\",\"status\":\"warning\",\"title\":\"Pengajuan Pengembalian\",\"view\":null,\"viewData\":[],\"format\":\"filament\"}', NULL, '2026-02-20 09:08:28', '2026-02-20 09:08:28'),
('ef6d5cf5-d2a7-4233-9fcc-b610850da895', 'Filament\\Notifications\\DatabaseNotification', 'App\\Models\\User', 2, '{\"actions\":[],\"body\":\"User 8 mengajukan peminjaman \\u2014 P-65300\",\"color\":null,\"duration\":\"persistent\",\"icon\":\"heroicon-o-inbox-arrow-down\",\"iconColor\":\"info\",\"status\":\"info\",\"title\":\"Peminjaman Baru\",\"view\":null,\"viewData\":[],\"format\":\"filament\"}', NULL, '2026-02-12 03:58:14', '2026-02-12 03:58:14'),
('f045e1b0-98d4-452f-9780-f6e097cb6329', 'Filament\\Notifications\\DatabaseNotification', 'App\\Models\\User', 1, '{\"actions\":[],\"body\":\"User 2 mengajukan peminjaman \\u2014 P-72533\",\"color\":null,\"duration\":\"persistent\",\"icon\":\"heroicon-o-inbox-arrow-down\",\"iconColor\":\"info\",\"status\":\"info\",\"title\":\"Peminjaman Baru\",\"view\":null,\"viewData\":[],\"format\":\"filament\"}', NULL, '2026-02-12 03:58:14', '2026-02-12 03:58:14'),
('f3c4b013-3182-4e2f-b9bb-9623acc28266', 'Filament\\Notifications\\DatabaseNotification', 'App\\Models\\User', 3, '{\"actions\":[],\"body\":\"Peminjaman P-1770868997 telah dikembalikan\",\"color\":null,\"duration\":\"persistent\",\"icon\":\"heroicon-o-check-badge\",\"iconColor\":\"success\",\"status\":\"success\",\"title\":\"Pengembalian Selesai\",\"view\":null,\"viewData\":[],\"format\":\"filament\"}', NULL, '2026-02-12 04:04:31', '2026-02-12 04:04:31'),
('f608f051-1f97-44b3-8dac-86c1edb6145c', 'Filament\\Notifications\\DatabaseNotification', 'App\\Models\\User', 2, '{\"actions\":[],\"body\":\"User 5 mengajukan peminjaman \\u2014 P-56503\",\"color\":null,\"duration\":\"persistent\",\"icon\":\"heroicon-o-inbox-arrow-down\",\"iconColor\":\"info\",\"status\":\"info\",\"title\":\"Peminjaman Baru\",\"view\":null,\"viewData\":[],\"format\":\"filament\"}', NULL, '2026-02-12 03:58:14', '2026-02-12 03:58:14'),
('f6125a04-52f0-4b4c-acc7-d63367f29c74', 'Filament\\Notifications\\DatabaseNotification', 'App\\Models\\User', 2, '{\"actions\":[],\"body\":\"Mahasiswa Santuy mengajukan pengembalian \\u2014 P-1775434000\",\"color\":null,\"duration\":\"persistent\",\"icon\":\"heroicon-o-arrow-uturn-left\",\"iconColor\":\"warning\",\"status\":\"warning\",\"title\":\"Pengajuan Pengembalian\",\"view\":null,\"viewData\":[],\"format\":\"filament\"}', NULL, '2026-04-06 00:08:51', '2026-04-06 00:08:51');

DROP TABLE IF EXISTS `password_reset_tokens`;
CREATE TABLE `password_reset_tokens` (
  `email` varchar(255) COLLATE utf8mb4_unicode_ci NOT NULL,
  `token` varchar(255) COLLATE utf8mb4_unicode_ci NOT NULL,
  `created_at` timestamp NULL DEFAULT NULL,
  PRIMARY KEY (`email`)
) ENGINE=InnoDB DEFAULT CHARSET=utf8mb4 COLLATE=utf8mb4_unicode_ci;

DROP TABLE IF EXISTS `payments`;
CREATE TABLE `payments` (
  `id` bigint unsigned NOT NULL AUTO_INCREMENT,
  `pengembalian_id` bigint unsigned NOT NULL,
  `order_id` varchar(255) COLLATE utf8mb4_unicode_ci NOT NULL,
  `snap_token` varchar(255) COLLATE utf8mb4_unicode_ci DEFAULT NULL,
  `amount` decimal(15,2) NOT NULL,
  `status` varchar(255) COLLATE utf8mb4_unicode_ci NOT NULL DEFAULT 'pending',
  `payment_type` varchar(255) COLLATE utf8mb4_unicode_ci DEFAULT NULL,
  `transaction_time` timestamp NULL DEFAULT NULL,
  `payload` json DEFAULT NULL,
  `created_at` timestamp NULL DEFAULT NULL,
  `updated_at` timestamp NULL DEFAULT NULL,
  PRIMARY KEY (`id`),
  UNIQUE KEY `payments_order_id_unique` (`order_id`),
  KEY `payments_pengembalian_id_foreign` (`pengembalian_id`),
  CONSTRAINT `payments_pengembalian_id_foreign` FOREIGN KEY (`pengembalian_id`) REFERENCES `pengembalians` (`id`) ON DELETE CASCADE
) ENGINE=InnoDB AUTO_INCREMENT=12 DEFAULT CHARSET=utf8mb4 COLLATE=utf8mb4_unicode_ci;

INSERT INTO `payments` VALUES 
(1, 1, 'PAY-1-1770869089', '617356d0-cf76-44cf-9a1a-077e3babf166', '24090000.00', 'success', 'akulaku', '2026-02-12 11:04:43', NULL, '2026-02-12 04:04:50', '2026-02-12 04:05:26'),
(2, 2, 'PAY-2-1770872992', 'c775eac3-dd4c-4cc4-af72-afeaab52ebcf', '24030000.00', 'expired', NULL, NULL, NULL, '2026-02-12 05:10:08', '2026-02-20 09:04:07'),
(3, 2, 'PAY-2-1771578247', 'bfc91c6f-d29b-4647-96fc-7209d0ad7fa4', '24030000.00', 'success', 'bank_transfer', '2026-02-20 16:04:07', NULL, '2026-02-20 09:04:08', '2026-02-20 09:05:05'),
(4, 3, 'PAY-3-1771579276', '81cd882e-fd49-4606-a558-7e960893879b', '16000000.00', 'cancelled', NULL, NULL, NULL, '2026-02-20 09:21:17', '2026-02-20 09:37:42'),
(5, 3, 'CASH-3-1771580262', NULL, '16000000.00', 'success', 'cash', '2026-02-20 09:38:59', NULL, '2026-02-20 09:37:42', '2026-02-20 09:38:59'),
(6, 4, 'PAY-4-1771580741', '3fe77564-3fd9-4a5b-bad4-1740508d223f', '64025000.00', 'success', 'akulaku', '2026-02-20 16:53:20', NULL, '2026-02-20 09:45:41', '2026-02-20 09:54:09'),
(7, 5, 'CASH-5-1775436226', NULL, '24000000.00', 'success', 'cash', '2026-04-06 00:45:25', NULL, '2026-04-06 00:43:46', '2026-04-06 00:45:25'),
(8, 6, 'PAY-6-1775437874', '763a0789-45bb-4c0c-bfb2-6bd5b70f5b84', '240025000.00', 'success', 'bank_transfer', '2026-04-06 08:11:16', NULL, '2026-04-06 01:11:15', '2026-04-06 01:12:52'),
(9, 7, 'PAY-7-1775611099', 'bad13da6-e928-45df-9bc5-2f888572c866', '8000000.00', 'success', 'bank_transfer', '2026-04-08 08:17:44', NULL, '2026-04-08 01:18:20', '2026-04-08 01:19:17'),
(10, 8, 'PAY-8-1775616200', 'cf602027-db51-4677-b1e2-a69d359d2830', '160025000.00', 'cancelled', NULL, NULL, NULL, '2026-04-08 02:43:23', '2026-04-08 02:43:34'),
(11, 8, 'CASH-8-1775616214', NULL, '160025000.00', 'success', 'cash', '2026-04-08 02:44:21', NULL, '2026-04-08 02:43:34', '2026-04-08 02:44:21');

DROP TABLE IF EXISTS `peminjaman_alats`;
CREATE TABLE `peminjaman_alats` (
  `id` bigint unsigned NOT NULL AUTO_INCREMENT,
  `peminjaman_id` bigint unsigned NOT NULL,
  `alat_id` bigint unsigned NOT NULL,
  `jumlah` int NOT NULL DEFAULT '1',
  `kondisi_pinjam` varchar(255) COLLATE utf8mb4_unicode_ci NOT NULL DEFAULT 'Baik',
  `created_at` timestamp NULL DEFAULT NULL,
  `updated_at` timestamp NULL DEFAULT NULL,
  PRIMARY KEY (`id`),
  KEY `peminjaman_alats_peminjaman_id_foreign` (`peminjaman_id`),
  KEY `peminjaman_alats_alat_id_foreign` (`alat_id`),
  CONSTRAINT `peminjaman_alats_alat_id_foreign` FOREIGN KEY (`alat_id`) REFERENCES `alats` (`id`),
  CONSTRAINT `peminjaman_alats_peminjaman_id_foreign` FOREIGN KEY (`peminjaman_id`) REFERENCES `peminjamans` (`id`) ON DELETE CASCADE
) ENGINE=InnoDB AUTO_INCREMENT=14 DEFAULT CHARSET=utf8mb4 COLLATE=utf8mb4_unicode_ci;

INSERT INTO `peminjaman_alats` VALUES 
(1, 1, 3, 1, 'Baik', NULL, NULL),
(2, 2, 4, 1, 'Baik', NULL, NULL),
(3, 3, 4, 1, 'Baik', NULL, NULL),
(4, 4, 14, 1, 'Baik', NULL, NULL),
(5, 5, 19, 1, 'Baik', NULL, NULL),
(6, 11, 21, 3, 'Baik', '2026-02-12 04:03:17', '2026-02-12 04:03:17'),
(7, 12, 21, 3, 'Baik', '2026-02-12 05:05:58', '2026-02-12 05:05:58'),
(8, 13, 21, 2, 'Baik', '2026-02-20 09:06:55', '2026-02-20 09:06:55'),
(9, 14, 21, 4, 'Baik', '2026-02-20 09:41:27', '2026-02-20 09:41:27'),
(10, 15, 21, 3, 'Baik', '2026-04-06 00:06:40', '2026-04-06 00:06:40'),
(11, 16, 21, 15, 'Baik', '2026-04-06 00:50:13', '2026-04-06 00:50:13'),
(12, 17, 21, 1, 'Baik', '2026-04-08 01:13:49', '2026-04-08 01:13:49'),
(13, 18, 21, 10, 'Baik', '2026-04-08 02:39:48', '2026-04-08 02:39:48');

DROP TABLE IF EXISTS `peminjamans`;
CREATE TABLE `peminjamans` (
  `id` bigint unsigned NOT NULL AUTO_INCREMENT,
  `user_id` bigint unsigned NOT NULL,
  `nomor_peminjaman` varchar(50) COLLATE utf8mb4_unicode_ci NOT NULL,
  `tanggal_pinjam` date NOT NULL,
  `tanggal_kembali_rencana` date NOT NULL,
  `tanggal_kembali_real` date DEFAULT NULL,
  `status` varchar(255) COLLATE utf8mb4_unicode_ci NOT NULL DEFAULT 'Menunggu',
  `keperluan` text COLLATE utf8mb4_unicode_ci,
  `approved_by` bigint unsigned DEFAULT NULL,
  `approved_at` timestamp NULL DEFAULT NULL,
  `rejected_by` bigint unsigned DEFAULT NULL,
  `rejected_at` timestamp NULL DEFAULT NULL,
  `created_at` timestamp NULL DEFAULT NULL,
  `updated_at` timestamp NULL DEFAULT NULL,
  PRIMARY KEY (`id`),
  UNIQUE KEY `peminjamans_nomor_peminjaman_unique` (`nomor_peminjaman`),
  KEY `peminjamans_user_id_foreign` (`user_id`),
  KEY `peminjamans_approved_by_foreign` (`approved_by`),
  KEY `peminjamans_rejected_by_foreign` (`rejected_by`),
  CONSTRAINT `peminjamans_approved_by_foreign` FOREIGN KEY (`approved_by`) REFERENCES `users` (`id`),
  CONSTRAINT `peminjamans_rejected_by_foreign` FOREIGN KEY (`rejected_by`) REFERENCES `users` (`id`),
  CONSTRAINT `peminjamans_user_id_foreign` FOREIGN KEY (`user_id`) REFERENCES `users` (`id`)
) ENGINE=InnoDB AUTO_INCREMENT=19 DEFAULT CHARSET=utf8mb4 COLLATE=utf8mb4_unicode_ci;

INSERT INTO `peminjamans` VALUES 
(1, 6, 'P-57639', '2026-02-13', '2026-02-15', NULL, 'Menunggu', NULL, NULL, NULL, NULL, NULL, '2026-02-12 03:58:14', '2026-02-12 03:58:14'),
(2, 4, 'P-73795', '2026-02-13', '2026-02-15', NULL, 'Menunggu', NULL, NULL, NULL, NULL, NULL, '2026-02-12 03:58:14', '2026-02-12 03:58:14'),
(3, 11, 'P-51574', '2026-02-13', '2026-02-15', NULL, 'Menunggu', NULL, NULL, NULL, NULL, NULL, '2026-02-12 03:58:14', '2026-02-12 03:58:14'),
(4, 12, 'P-65300', '2026-02-13', '2026-02-15', NULL, 'Menunggu', NULL, NULL, NULL, NULL, NULL, '2026-02-12 03:58:14', '2026-02-12 03:58:14'),
(5, 9, 'P-56503', '2026-02-13', '2026-02-15', NULL, 'Menunggu', NULL, NULL, NULL, NULL, NULL, '2026-02-12 03:58:14', '2026-02-12 03:58:14'),
(6, 9, 'P-36056', '2026-02-11', '2026-02-14', NULL, 'Disetujui', NULL, 2, NULL, NULL, NULL, '2026-02-12 03:58:14', '2026-02-12 03:58:14'),
(7, 9, 'P-97096', '2026-02-11', '2026-02-14', NULL, 'Disetujui', NULL, 2, NULL, NULL, NULL, '2026-02-12 03:58:14', '2026-02-12 03:58:14'),
(8, 5, 'P-16955', '2026-02-11', '2026-02-14', NULL, 'Disetujui', NULL, 2, NULL, NULL, NULL, '2026-02-12 03:58:14', '2026-02-12 03:58:14'),
(9, 10, 'P-12986', '2026-02-11', '2026-02-14', NULL, 'Disetujui', NULL, 2, NULL, NULL, NULL, '2026-02-12 03:58:14', '2026-02-12 03:58:14'),
(10, 6, 'P-72533', '2026-02-11', '2026-02-14', NULL, 'Disetujui', NULL, 2, NULL, NULL, NULL, '2026-02-12 03:58:14', '2026-02-12 03:58:14'),
(11, 3, 'P-1770868997', '2026-02-12', '2026-02-22', '2026-03-12', 'Kembali', 'Pengen Ngoding', 2, '2026-02-12 04:03:32', NULL, NULL, '2026-02-12 04:03:17', '2026-02-12 04:04:31'),
(12, 3, 'P-1770872758', '2026-02-12', '2026-02-15', '2026-02-21', 'Kembali', 'untuk ngoding ', 2, '2026-02-12 05:06:36', NULL, NULL, '2026-02-12 05:05:58', '2026-02-12 05:09:14'),
(13, 3, 'P-1771578415', '2026-02-20', '2026-02-21', '2026-02-20', 'Kembali', 'test', 2, '2026-02-20 09:07:39', NULL, NULL, '2026-02-20 09:06:55', '2026-02-20 09:20:01'),
(14, 3, 'P-1771580486', '2026-02-20', '2026-02-21', '2026-02-20', 'Kembali', 'kepo', 2, '2026-02-20 09:42:43', NULL, NULL, '2026-02-20 09:41:26', '2026-02-20 09:44:36'),
(15, 3, 'P-1775434000', '2026-04-06', '2026-04-07', '2026-04-06', 'Kembali', 'kepo bgt ', 2, '2026-04-06 00:07:22', NULL, NULL, '2026-04-06 00:06:40', '2026-04-06 00:10:17'),
(16, 3, 'P-1775436613', '2026-04-06', '2026-04-07', '2026-04-06', 'Kembali', 'ngoding', 2, '2026-04-06 00:51:47', NULL, NULL, '2026-04-06 00:50:13', '2026-04-06 00:55:16'),
(17, 3, 'P-1775610829', '2026-04-08', '2026-04-09', '2026-04-08', 'Kembali', 'ngoding', 2, '2026-04-08 01:14:40', NULL, NULL, '2026-04-08 01:13:49', '2026-04-08 01:17:19'),
(18, 3, 'P-1775615988', '2026-04-08', '2026-04-09', '2026-04-08', 'Kembali', 'ngoding', 2, '2026-04-08 02:40:41', NULL, NULL, '2026-04-08 02:39:48', '2026-04-08 02:42:35');

DROP TABLE IF EXISTS `pengembalian_details`;
CREATE TABLE `pengembalian_details` (
  `id` bigint unsigned NOT NULL AUTO_INCREMENT,
  `pengembalian_id` bigint unsigned NOT NULL,
  `alat_id` bigint unsigned NOT NULL,
  `jumlah_kembali` int NOT NULL,
  `kondisi_kembali` varchar(255) COLLATE utf8mb4_unicode_ci NOT NULL,
  `catatan_kondisi` text COLLATE utf8mb4_unicode_ci,
  `denda_item` decimal(15,2) NOT NULL DEFAULT '0.00',
  `created_at` timestamp NULL DEFAULT NULL,
  `updated_at` timestamp NULL DEFAULT NULL,
  PRIMARY KEY (`id`),
  KEY `pengembalian_details_pengembalian_id_foreign` (`pengembalian_id`),
  KEY `pengembalian_details_alat_id_foreign` (`alat_id`),
  CONSTRAINT `pengembalian_details_alat_id_foreign` FOREIGN KEY (`alat_id`) REFERENCES `alats` (`id`),
  CONSTRAINT `pengembalian_details_pengembalian_id_foreign` FOREIGN KEY (`pengembalian_id`) REFERENCES `pengembalians` (`id`) ON DELETE CASCADE
) ENGINE=InnoDB AUTO_INCREMENT=9 DEFAULT CHARSET=utf8mb4 COLLATE=utf8mb4_unicode_ci;

INSERT INTO `pengembalian_details` VALUES 
(1, 1, 21, 3, 'Rusak', 'Ketumpahan Air', '24000000.00', '2026-02-12 04:04:31', '2026-02-12 04:04:31'),
(2, 2, 21, 3, 'Rusak', 'jatoh', '24000000.00', '2026-02-12 05:09:14', '2026-02-12 05:09:14'),
(3, 3, 21, 2, 'Rusak', 'jatoh', '16000000.00', '2026-02-20 09:20:01', '2026-02-20 09:20:01'),
(4, 4, 21, 4, 'Hilang', 'izinnnnn', '64025000.00', '2026-02-20 09:44:36', '2026-02-20 09:44:36'),
(5, 5, 21, 3, 'Rusak', NULL, '24000000.00', '2026-04-06 00:10:17', '2026-04-06 00:10:17'),
(6, 6, 21, 15, 'Hilang', 'd', '240025000.00', '2026-04-06 00:55:16', '2026-04-06 00:55:16'),
(7, 7, 21, 1, 'Rusak', NULL, '8000000.00', '2026-04-08 01:17:19', '2026-04-08 01:17:19'),
(8, 8, 21, 10, 'Hilang', 'ilang', '160025000.00', '2026-04-08 02:42:35', '2026-04-08 02:42:35');

DROP TABLE IF EXISTS `pengembalians`;
CREATE TABLE `pengembalians` (
  `id` bigint unsigned NOT NULL AUTO_INCREMENT,
  `peminjaman_id` bigint unsigned NOT NULL,
  `petugas_id` bigint unsigned NOT NULL,
  `nomor_pengembalian` varchar(50) COLLATE utf8mb4_unicode_ci NOT NULL,
  `tanggal_kembali_real` date NOT NULL,
  `hari_terlambat` int NOT NULL DEFAULT '0',
  `denda_keterlambatan` decimal(15,2) NOT NULL DEFAULT '0.00',
  `denda_kerusakan` decimal(15,2) NOT NULL DEFAULT '0.00',
  `denda_kehilangan` decimal(15,2) NOT NULL DEFAULT '0.00',
  `total_denda` decimal(15,2) NOT NULL DEFAULT '0.00',
  `status_pembayaran` varchar(255) COLLATE utf8mb4_unicode_ci NOT NULL DEFAULT 'Belum_Lunas',
  `tanggal_bayar` date DEFAULT NULL,
  `catatan_pengembalian` text COLLATE utf8mb4_unicode_ci,
  `created_at` timestamp NULL DEFAULT NULL,
  `updated_at` timestamp NULL DEFAULT NULL,
  PRIMARY KEY (`id`),
  UNIQUE KEY `pengembalians_nomor_pengembalian_unique` (`nomor_pengembalian`),
  KEY `pengembalians_peminjaman_id_foreign` (`peminjaman_id`),
  KEY `pengembalians_petugas_id_foreign` (`petugas_id`),
  CONSTRAINT `pengembalians_peminjaman_id_foreign` FOREIGN KEY (`peminjaman_id`) REFERENCES `peminjamans` (`id`),
  CONSTRAINT `pengembalians_petugas_id_foreign` FOREIGN KEY (`petugas_id`) REFERENCES `users` (`id`)
) ENGINE=InnoDB AUTO_INCREMENT=9 DEFAULT CHARSET=utf8mb4 COLLATE=utf8mb4_unicode_ci;

INSERT INTO `pengembalians` VALUES 
(1, 11, 2, 'RET-1770869071', '2026-03-12', 18, '90000.00', '24000000.00', '0.00', '24090000.00', 'Lunas', '2026-02-12', NULL, '2026-02-12 04:04:31', '2026-02-12 04:05:26'),
(2, 12, 2, 'RET-1770872954', '2026-02-21', 6, '30000.00', '24000000.00', '0.00', '24030000.00', 'Lunas', '2026-02-20', NULL, '2026-02-12 05:09:14', '2026-02-20 09:05:05'),
(3, 13, 2, 'RET-1771579201', '2026-02-20', 0, '0.00', '16000000.00', '0.00', '16000000.00', 'Lunas', '2026-02-20', NULL, '2026-02-20 09:20:01', '2026-02-20 09:38:59'),
(4, 14, 2, 'RET-1771580676', '2026-02-20', 0, '0.00', '0.00', '64025000.00', '64025000.00', 'Lunas', '2026-02-20', NULL, '2026-02-20 09:44:36', '2026-02-20 09:54:09'),
(5, 15, 2, 'RET-1775434217', '2026-04-06', 0, '0.00', '24000000.00', '0.00', '24000000.00', 'Lunas', '2026-04-06', NULL, '2026-04-06 00:10:17', '2026-04-06 00:45:25'),
(6, 16, 2, 'RET-1775436916', '2026-04-06', 0, '0.00', '0.00', '240025000.00', '240025000.00', 'Lunas', '2026-04-06', NULL, '2026-04-06 00:55:16', '2026-04-06 01:12:52'),
(7, 17, 2, 'RET-1775611039', '2026-04-08', 0, '0.00', '8000000.00', '0.00', '8000000.00', 'Lunas', '2026-04-08', NULL, '2026-04-08 01:17:19', '2026-04-08 01:19:17'),
(8, 18, 2, 'RET-1775616155', '2026-04-08', 0, '0.00', '0.00', '160025000.00', '160025000.00', 'Lunas', '2026-04-08', NULL, '2026-04-08 02:42:35', '2026-04-08 02:44:21');

DROP TABLE IF EXISTS `personal_access_tokens`;
CREATE TABLE `personal_access_tokens` (
  `id` bigint unsigned NOT NULL AUTO_INCREMENT,
  `tokenable_type` varchar(255) COLLATE utf8mb4_unicode_ci NOT NULL,
  `tokenable_id` bigint unsigned NOT NULL,
  `name` text COLLATE utf8mb4_unicode_ci NOT NULL,
  `token` varchar(64) COLLATE utf8mb4_unicode_ci NOT NULL,
  `abilities` text COLLATE utf8mb4_unicode_ci,
  `last_used_at` timestamp NULL DEFAULT NULL,
  `expires_at` timestamp NULL DEFAULT NULL,
  `created_at` timestamp NULL DEFAULT NULL,
  `updated_at` timestamp NULL DEFAULT NULL,
  PRIMARY KEY (`id`),
  UNIQUE KEY `personal_access_tokens_token_unique` (`token`),
  KEY `personal_access_tokens_tokenable_type_tokenable_id_index` (`tokenable_type`,`tokenable_id`),
  KEY `personal_access_tokens_expires_at_index` (`expires_at`)
) ENGINE=InnoDB DEFAULT CHARSET=utf8mb4 COLLATE=utf8mb4_unicode_ci;

DROP TABLE IF EXISTS `sessions`;
CREATE TABLE `sessions` (
  `id` varchar(255) COLLATE utf8mb4_unicode_ci NOT NULL,
  `user_id` bigint unsigned DEFAULT NULL,
  `ip_address` varchar(45) COLLATE utf8mb4_unicode_ci DEFAULT NULL,
  `user_agent` text COLLATE utf8mb4_unicode_ci,
  `payload` longtext COLLATE utf8mb4_unicode_ci NOT NULL,
  `last_activity` int NOT NULL,
  PRIMARY KEY (`id`),
  KEY `sessions_user_id_index` (`user_id`),
  KEY `sessions_last_activity_index` (`last_activity`)
) ENGINE=InnoDB DEFAULT CHARSET=utf8mb4 COLLATE=utf8mb4_unicode_ci;

INSERT INTO `sessions` VALUES 
('nOhmpI9MNRPDa7xYCvj0xivuZz3TPNr2RVcTjYBV', 2, '127.0.0.1', 'Mozilla/5.0 (Windows NT 10.0; Win64; x64) AppleWebKit/537.36 (KHTML, like Gecko) Chrome/143.0.0.0 Safari/537.36', 'YTo2OntzOjY6Il90b2tlbiI7czo0MDoiVER2YTlmbElPMUtjQWdNcGNxRXdid1AxTU1iQ2VqTTRLQmRvcGxEeSI7czo2OiJfZmxhc2giO2E6Mjp7czozOiJvbGQiO2E6MDp7fXM6MzoibmV3IjthOjA6e319czo5OiJfcHJldmlvdXMiO2E6Mjp7czozOiJ1cmwiO3M6NTY6Imh0dHA6Ly9sb2NhbGhvc3Q6ODAwMC9wZXR1Z2FzL3BlbmdlbWJhbGlhbi9wZW5nZW1iYWxpYW5zIjtzOjU6InJvdXRlIjtzOjU5OiJmaWxhbWVudC5wZXR1Z2FzLnJlc291cmNlcy5wZW5nZW1iYWxpYW4ucGVuZ2VtYmFsaWFucy5pbmRleCI7fXM6NTA6ImxvZ2luX3dlYl81OWJhMzZhZGRjMmIyZjk0MDE1ODBmMDE0YzdmNThlYTRlMzA5ODlkIjtpOjI7czoxNzoicGFzc3dvcmRfaGFzaF93ZWIiO3M6NjQ6IjIzOGFiYjgyMjE5MDBjOTYwZWQ1MDkzNDBlNzY3MmQzNDMyMjRkYWY1NThhOTllMTNiOWMyYjVmZjAyOWE0NDAiO3M6NjoidGFibGVzIjthOjI6e3M6NDA6IjU5ZDc2MGQ1ODIxYTA3MDdlMGY3ZDI1ZDM0MzcxZDZlX2NvbHVtbnMiO2E6NDp7aTowO2E6Nzp7czo0OiJ0eXBlIjtzOjY6ImNvbHVtbiI7czo0OiJuYW1lIjtzOjE2OiJub21vcl9wZW1pbmphbWFuIjtzOjU6ImxhYmVsIjtzOjE2OiJOb21vciBwZW1pbmphbWFuIjtzOjg6ImlzSGlkZGVuIjtiOjA7czo5OiJpc1RvZ2dsZWQiO2I6MTtzOjEyOiJpc1RvZ2dsZWFibGUiO2I6MDtzOjI0OiJpc1RvZ2dsZWRIaWRkZW5CeURlZmF1bHQiO047fWk6MTthOjc6e3M6NDoidHlwZSI7czo2OiJjb2x1bW4iO3M6NDoibmFtZSI7czo5OiJ1c2VyLm5hbWUiO3M6NToibGFiZWwiO3M6ODoiUGVtaW5qYW0iO3M6ODoiaXNIaWRkZW4iO2I6MDtzOjk6ImlzVG9nZ2xlZCI7YjoxO3M6MTI6ImlzVG9nZ2xlYWJsZSI7YjowO3M6MjQ6ImlzVG9nZ2xlZEhpZGRlbkJ5RGVmYXVsdCI7Tjt9aToyO2E6Nzp7czo0OiJ0eXBlIjtzOjY6ImNvbHVtbiI7czo0OiJuYW1lIjtzOjE0OiJ0YW5nZ2FsX3BpbmphbSI7czo1OiJsYWJlbCI7czoxNDoiVGFuZ2dhbCBwaW5qYW0iO3M6ODoiaXNIaWRkZW4iO2I6MDtzOjk6ImlzVG9nZ2xlZCI7YjoxO3M6MTI6ImlzVG9nZ2xlYWJsZSI7YjowO3M6MjQ6ImlzVG9nZ2xlZEhpZGRlbkJ5RGVmYXVsdCI7Tjt9aTozO2E6Nzp7czo0OiJ0eXBlIjtzOjY6ImNvbHVtbiI7czo0OiJuYW1lIjtzOjY6InN0YXR1cyI7czo1OiJsYWJlbCI7czo2OiJTdGF0dXMiO3M6ODoiaXNIaWRkZW4iO2I6MDtzOjk6ImlzVG9nZ2xlZCI7YjoxO3M6MTI6ImlzVG9nZ2xlYWJsZSI7YjowO3M6MjQ6ImlzVG9nZ2xlZEhpZGRlbkJ5RGVmYXVsdCI7Tjt9fXM6NDA6IjY5NGUyYzA0NGQ5MmE5MGNkOWE1MjU4NDY2Y2Q0NTQxX2NvbHVtbnMiO2E6NTp7aTowO2E6Nzp7czo0OiJ0eXBlIjtzOjY6ImNvbHVtbiI7czo0OiJuYW1lIjtzOjE4OiJub21vcl9wZW5nZW1iYWxpYW4iO3M6NToibGFiZWwiO3M6MTg6Ik5vbW9yIHBlbmdlbWJhbGlhbiI7czo4OiJpc0hpZGRlbiI7YjowO3M6OToiaXNUb2dnbGVkIjtiOjE7czoxMjoiaXNUb2dnbGVhYmxlIjtiOjA7czoyNDoiaXNUb2dnbGVkSGlkZGVuQnlEZWZhdWx0IjtOO31pOjE7YTo3OntzOjQ6InR5cGUiO3M6NjoiY29sdW1uIjtzOjQ6Im5hbWUiO3M6MjA6InBlbWluamFtYW4udXNlci5uYW1lIjtzOjU6ImxhYmVsIjtzOjg6IlBlbWluamFtIjtzOjg6ImlzSGlkZGVuIjtiOjA7czo5OiJpc1RvZ2dsZWQiO2I6MTtzOjEyOiJpc1RvZ2dsZWFibGUiO2I6MDtzOjI0OiJpc1RvZ2dsZWRIaWRkZW5CeURlZmF1bHQiO047fWk6MjthOjc6e3M6NDoidHlwZSI7czo2OiJjb2x1bW4iO3M6NDoibmFtZSI7czoyMDoidGFuZ2dhbF9rZW1iYWxpX3JlYWwiO3M6NToibGFiZWwiO3M6MTE6IlRnbCBLZW1iYWxpIjtzOjg6ImlzSGlkZGVuIjtiOjA7czo5OiJpc1RvZ2dsZWQiO2I6MTtzOjEyOiJpc1RvZ2dsZWFibGUiO2I6MDtzOjI0OiJpc1RvZ2dsZWRIaWRkZW5CeURlZmF1bHQiO047fWk6MzthOjc6e3M6NDoidHlwZSI7czo2OiJjb2x1bW4iO3M6NDoibmFtZSI7czoxNzoic3RhdHVzX3BlbWJheWFyYW4iO3M6NToibGFiZWwiO3M6MTc6IlN0YXR1cyBwZW1iYXlhcmFuIjtzOjg6ImlzSGlkZGVuIjtiOjA7czo5OiJpc1RvZ2dsZWQiO2I6MTtzOjEyOiJpc1RvZ2dsZWFibGUiO2I6MDtzOjI0OiJpc1RvZ2dsZWRIaWRkZW5CeURlZmF1bHQiO047fWk6NDthOjc6e3M6NDoidHlwZSI7czo2OiJjb2x1bW4iO3M6NDoibmFtZSI7czoxMToidG90YWxfZGVuZGEiO3M6NToibGFiZWwiO3M6MTM6IlRvdGFsIFRhZ2loYW4iO3M6ODoiaXNIaWRkZW4iO2I6MDtzOjk6ImlzVG9nZ2xlZCI7YjoxO3M6MTI6ImlzVG9nZ2xlYWJsZSI7YjowO3M6MjQ6ImlzVG9nZ2xlZEhpZGRlbkJ5RGVmYXVsdCI7Tjt9fX19', 1776688610);

DROP TABLE IF EXISTS `users`;
CREATE TABLE `users` (
  `id` bigint unsigned NOT NULL AUTO_INCREMENT,
  `name` varchar(255) COLLATE utf8mb4_unicode_ci NOT NULL,
  `email` varchar(255) COLLATE utf8mb4_unicode_ci NOT NULL,
  `email_verified_at` timestamp NULL DEFAULT NULL,
  `password` varchar(255) COLLATE utf8mb4_unicode_ci NOT NULL,
  `role` varchar(255) COLLATE utf8mb4_unicode_ci NOT NULL DEFAULT 'Peminjam',
  `is_active` tinyint(1) NOT NULL DEFAULT '1',
  `remember_token` varchar(100) COLLATE utf8mb4_unicode_ci DEFAULT NULL,
  `created_at` timestamp NULL DEFAULT NULL,
  `updated_at` timestamp NULL DEFAULT NULL,
  PRIMARY KEY (`id`),
  UNIQUE KEY `users_email_unique` (`email`)
) ENGINE=InnoDB AUTO_INCREMENT=15 DEFAULT CHARSET=utf8mb4 COLLATE=utf8mb4_unicode_ci;

INSERT INTO `users` VALUES 
(1, 'Super Admin', 'admin@test.com', NULL, '$2y$12$ht6eNwIhJbQK1Q26To2o2uEV/9a5E4PBqnRHW/n6sIMpnEDPn7WxK', 'Admin', 1, NULL, '2026-02-12 03:58:09', '2026-02-12 03:58:09'),
(2, 'Petugas Lab', 'petugas@test.com', NULL, '$2y$12$gwSKxpf4qleVisnyuaQQK.Q9KlJTQEA8EdhhZXDxpXXe4mMZNRQsC', 'Petugas', 1, NULL, '2026-02-12 03:58:10', '2026-02-12 03:58:10'),
(3, 'Mahasiswa Santuy', 'peminjam@test.com', NULL, '$2y$12$mzmAFIIg0mPlU0LoYs1sWumLabBiovD.T6bC3uFFl5u.rDwj5X84i', 'Peminjam', 1, NULL, '2026-02-12 03:58:10', '2026-02-12 03:58:10'),
(4, 'User 0', 'user0@test.com', NULL, '$2y$12$CxLKTpsbUaI.732Y8hqaE.9AhlwlFOWAzYOyAu8MIBmcF7Aa4O5ha', 'Peminjam', 1, NULL, '2026-02-12 03:58:10', '2026-02-12 03:58:10'),
(5, 'User 1', 'user1@test.com', NULL, '$2y$12$5RIv48aMYi8/vBhFoGF4B.LsYYh.3DGhLDe9hfBo9Uc/bG41gdt.O', 'Peminjam', 1, NULL, '2026-02-12 03:58:11', '2026-02-12 03:58:11'),
(6, 'User 2', 'user2@test.com', NULL, '$2y$12$o4ItnmdDrk9ln6ftHRhrpuyBaibxEKjSq4WLyEaxuW3FnUt0gdBVu', 'Peminjam', 1, NULL, '2026-02-12 03:58:11', '2026-02-12 03:58:11'),
(7, 'User 3', 'user3@test.com', NULL, '$2y$12$ui3CdV3PbcRemLfrpf5qO.D6BFiWslGr6KXZ1HjCDRJb8R4Qp/Uay', 'Peminjam', 1, NULL, '2026-02-12 03:58:11', '2026-02-12 03:58:11'),
(8, 'User 4', 'user4@test.com', NULL, '$2y$12$1cidI8bXB9fPZK.xJl18F.XFlgR5s7IWHf7u5.l02WwOC/G/ZECyu', 'Peminjam', 1, NULL, '2026-02-12 03:58:12', '2026-02-12 03:58:12'),
(9, 'User 5', 'user5@test.com', NULL, '$2y$12$AkS7tCYzgkvDCAdWjy3fmeC8mksdg8Ojr8Ys0I1xsZUuNm9jbVA42', 'Peminjam', 1, NULL, '2026-02-12 03:58:12', '2026-02-12 03:58:12'),
(10, 'User 6', 'user6@test.com', NULL, '$2y$12$NuYrpmPhMxPCNPyYlNwcQeHXtPBTLAKMAzL9nejfbM/ITbgbZCpce', 'Peminjam', 1, NULL, '2026-02-12 03:58:13', '2026-02-12 03:58:13'),
(11, 'User 7', 'user7@test.com', NULL, '$2y$12$oZz5BMBclWjdSUjxxHPfy.4/GfeY8q5CJbJ76p2AJKD3YtXtrDTSe', 'Peminjam', 1, NULL, '2026-02-12 03:58:13', '2026-02-12 03:58:13'),
(12, 'User 8', 'user8@test.com', NULL, '$2y$12$faSOpyzgVf1bWKYBw1tUPeR5RK8w4v5BqWJLPuB4ixkOh61oj0mne', 'Peminjam', 1, NULL, '2026-02-12 03:58:13', '2026-02-12 03:58:13'),
(13, 'User 9', 'user9@test.com', NULL, '$2y$12$n.0ZqyLIdnyO7tSP9VC0bu4XO3Wxmc5tQYVHM0JSvJY9AZL2/XtVu', 'Peminjam', 1, NULL, '2026-02-12 03:58:14', '2026-02-12 03:58:14'),
(14, 'Nopal', 'muhammadnovalsupriyadi1@gmail.com', NULL, '$2y$12$aJ4XGh6vB/h2g1Iorv/rLeosImsZWwkzO7zWlSyMDTFzotA0FZFga', 'Peminjam', 1, NULL, '2026-02-12 04:00:29', '2026-02-12 04:00:29');

SET FOREIGN_KEY_CHECKS=1;
